image_id,label,score
10015-simplified,fictional character,0.96474135
10015-simplified,superhero,0.953624
10015-simplified,cartoon,0.93503386
10015-simplified,cg artwork,0.84464186
10015-simplified,fiction,0.8383317
10015-simplified,animation,0.8043294
10015-simplified,hero,0.7464098
10015-simplified,animated cartoon,0.74481845
10015-simplified,supernatural creature,0.65604043
10016-simplified,electronic device,0.9740789
10016-simplified,technology,0.8821064
10016-simplified,computer,0.87518203
10016-simplified,personal computer,0.86766744
10016-simplified,display device,0.817954
10016-simplified,software engineering,0.7801774
10024-simplified,cloud,0.9296566
10024-simplified,dusk,0.9143446
10024-simplified,sunrise,0.9139185
10024-simplified,terrain,0.8806728
10024-simplified,sunset,0.8669624
10024-simplified,sunlight,0.86519885
10024-simplified,morning,0.8538174
10024-simplified,evening,0.85220677
10024-simplified,castle,0.8197862
10024-simplified,afterglow,0.78371394
1012-simplified,lighting,0.92508006
1012-simplified,lantern,0.8139723
1012-simplified,column,0.77806914
1012-simplified,still life photography,0.7091444
1012-simplified,evening,0.6148883
1012-simplified,night,0.5955278
1012-simplified,light fixture,0.55097556
1012-simplified,shadow,0.51908374
10141-simplified,reptile,0.9634191
10141-simplified,vertebrate,0.9622685
10141-simplified,wildlife,0.9566586
10141-simplified,snout,0.92924255
10141-simplified,tooth,0.9259692
10141-simplified,liquid,0.9211627
10156-simplified,tree house,0.89011157
10156-simplified,jungle,0.6639453
10156-simplified,animation,0.5678597
10196-simplified,unidentified flying object,0.7574801
10196-simplified,child,0.58672386
10208-simplified,orange,0.9085725
10208-simplified,heat,0.62213707
10208-simplified,fire,0.60466474
10208-simplified,flame,0.5550742
10208-simplified,gothic architecture,0.5391533
10208-simplified,dawn,0.5298271
10215-simplified,toy,0.90830874
10215-simplified,fictional character,0.9031087
10215-simplified,technology,0.87993723
10215-simplified,machine,0.845348
10215-simplified,robot,0.83331954
10215-simplified,mecha,0.7818836
10215-simplified,action figure,0.7668937
10215-simplified,armour,0.7479172
10215-simplified,animation,0.6819738
10215-simplified,fiction,0.6123871
10229-simplified,cg artwork,0.8420598
10229-simplified,fictional character,0.81878185
10229-simplified,cloak,0.7277045
10229-simplified,animation,0.5977938
10229-simplified,fiction,0.5634582
1028-simplified,still life photography,0.5598538
10314-simplified,science,0.507576
10339-simplified,sea,0.83664703
10339-simplified,ocean,0.80472577
10339-simplified,watercraft,0.7713768
10339-simplified,aircraft,0.7080189
10339-simplified,naval architecture,0.6183721
1040-simplified,dog,0.9955314
1040-simplified,carnivores,0.9576288
1040-simplified,snout,0.9048764
1040-simplified,working animal,0.82803404
1040-simplified,canidae,0.78480154
1040-simplified,fur,0.60650826
10402-simplified,orange,0.91744953
10402-simplified,mushroom,0.87155855
10402-simplified,fungus,0.8682291
10402-simplified,evening,0.67015344
10409-simplified,vertebrate,0.9593492
10409-simplified,reptile,0.9367995
10409-simplified,terrestrial animal,0.84695244
10409-simplified,wildlife,0.7936096
10435-simplified,photograph,0.98799163
10435-simplified,standing,0.9440835
10435-simplified,darkness,0.91908646
10435-simplified,night,0.8794095
10435-simplified,midnight,0.7889383
10435-simplified,lens flare,0.7599413
10435-simplified,backlighting,0.68202883
10435-simplified,shadow,0.51426464
10464-simplified,arch,0.89831305
10464-simplified,composite material,0.87720066
10464-simplified,symmetry,0.74020344
10464-simplified,daylighting,0.71056294
10464-simplified,shadow,0.6498382
10464-simplified,arcade,0.6066379
1055-simplified,interior design,0.9801519
1055-simplified,furniture,0.97426724
1055-simplified,flooring,0.9721561
1055-simplified,floor,0.96657455
1055-simplified,ceiling,0.95608443
1055-simplified,lighting,0.9484837
1055-simplified,architecture,0.93655425
1055-simplified,room,0.8896012
10554-simplified,black hair,0.9119393
10554-simplified,cg artwork,0.8919073
10554-simplified,eyelash,0.8762253
10554-simplified,animation,0.70399654
10554-simplified,fictional character,0.65720296
10554-simplified,costume,0.6536145
10554-simplified,digital compositing,0.6163701
10554-simplified,film,0.598645
10554-simplified,earring,0.52971536
10624-simplified,night,0.8500732
10624-simplified,darkness,0.83455455
10624-simplified,graphics,0.7145071
10624-simplified,graphic design,0.6011399
10624-simplified,lens flare,0.5115696
10643-simplified,red,0.9733319
10643-simplified,fictional character,0.87658924
10643-simplified,cg artwork,0.8047207
10643-simplified,costume,0.76319396
10643-simplified,cosplay,0.761635
10643-simplified,animation,0.7002848
10643-simplified,fiction,0.60273683
10643-simplified,demon,0.5578187
10643-simplified,goth subculture,0.5564082
10688-simplified,fictional character,0.8515042
10688-simplified,dog,0.8145932
10688-simplified,cg artwork,0.8011402
10688-simplified,animation,0.8004914
10688-simplified,armour,0.73698586
10688-simplified,cloak,0.6697001
10688-simplified,canidae,0.6329203
10688-simplified,animated cartoon,0.62459445
10688-simplified,hero,0.61130226
10688-simplified,fiction,0.5854627
10697-simplified,fictional character,0.8130628
10697-simplified,game,0.81227934
10697-simplified,animation,0.8119012
10697-simplified,video game software,0.7633032
10697-simplified,animated cartoon,0.70239973
10697-simplified,pc game,0.7017781
10697-simplified,graphics,0.58897805
10716-simplified,mountainous landforms,0.9715891
10716-simplified,rock,0.96414745
10716-simplified,natural landscape,0.94836915
10716-simplified,sunrise,0.945696
10716-simplified,orange,0.93879277
10716-simplified,sunset,0.9369464
10716-simplified,dusk,0.9208094
10716-simplified,reflection,0.90957534
10716-simplified,sun,0.9050898
10716-simplified,terrain,0.90070194
1076-simplified,lips,0.9847882
1076-simplified,facial expression,0.9446822
1076-simplified,eyelash,0.9020024
1076-simplified,mask,0.8887788
1076-simplified,masque,0.68013984
1076-simplified,portrait photography,0.61676496
1076-simplified,eye shadow,0.52265936
10766-simplified,food,0.99310595
10766-simplified,ingredient,0.9519876
10766-simplified,recipe,0.8560066
10766-simplified,fast food,0.8368808
10766-simplified,finger food,0.7968456
10766-simplified,cooking,0.7478419
10766-simplified,culinary arts,0.73128855
10766-simplified,condiment,0.6998827
10766-simplified,comfort food,0.695572
10785-simplified,book,0.7867044
10785-simplified,publication,0.6372225
10785-simplified,still life photography,0.6295401
1080-simplified,science,0.5485557
1081-simplified,chordophone,0.9840419
1081-simplified,string instrument,0.97653127
1081-simplified,folk instrument,0.89433277
10834-simplified,night,0.93015426
10834-simplified,lighting,0.9173084
10834-simplified,neon,0.8799908
10834-simplified,electricity,0.86472726
10834-simplified,metropolis,0.81328636
10834-simplified,neon sign,0.7754047
10834-simplified,electronic signage,0.76997083
10834-simplified,midnight,0.74139637
10881-simplified,dinosaur,0.96878594
10881-simplified,statue,0.81669736
10881-simplified,extinction,0.8034915
10881-simplified,monument,0.7113904
10881-simplified,animation,0.6365078
10881-simplified,fictional character,0.58035004
10881-simplified,cryptid,0.507584
10926-simplified,umbrella,0.8684943
10926-simplified,costume,0.69867104
10926-simplified,photo shoot,0.69310766
10926-simplified,model,0.66220057
10926-simplified,portrait photography,0.5717136
10926-simplified,red hair,0.5651682
10982-simplified,eyewear,0.9843555
10982-simplified,vision care,0.9682886
10982-simplified,goggles,0.84919304
10982-simplified,beard,0.7094009
10982-simplified,sunglasses,0.69573146
10982-simplified,fictional character,0.67806727
10982-simplified,hero,0.56778836
10982-simplified,animation,0.5176854
10984-simplified,cat,0.995749
10984-simplified,felidae,0.9909775
10984-simplified,carnivores,0.9764137
10984-simplified,felinae,0.97026265
10984-simplified,vertebrate,0.9612351
10984-simplified,whiskers,0.9568785
10984-simplified,snout,0.91430825
10984-simplified,fur,0.89626384
10984-simplified,terrestrial animal,0.86982733
10984-simplified,paw,0.82291967
11024-simplified,branch,0.96795255
11024-simplified,petal,0.9560328
11024-simplified,pink,0.9435323
11024-simplified,tower,0.91078895
11024-simplified,blossom,0.89454573
11024-simplified,spring,0.847534
11024-simplified,spire,0.6375938
11037-simplified,mountainous landforms,0.9848929
11037-simplified,nature,0.9771277
11037-simplified,natural landscape,0.9769164
11037-simplified,mountain,0.96951413
11037-simplified,hill,0.9516708
11037-simplified,mountain range,0.9320886
11037-simplified,cloud,0.92792386
11303-simplified,photograph,0.9881029
11303-simplified,dress,0.97791535
11303-simplified,formal wear,0.9707131
11303-simplified,happiness,0.9405698
11303-simplified,event,0.9261854
11305-simplified,produce,0.73303807
11305-simplified,winter squash,0.7271494
11305-simplified,squash,0.7239997
11305-simplified,pumpkin,0.6853843
11305-simplified,calabaza,0.67917883
11305-simplified,gourd,0.6600223
11305-simplified,vegetable,0.6373215
11305-simplified,natural foods,0.63410544
11305-simplified,still life photography,0.5906622
11305-simplified,lantern,0.5813394
11344-simplified,facial expression,0.9448967
11344-simplified,eyelash,0.8770741
11344-simplified,cartoon,0.84205174
11344-simplified,animation,0.84047705
11344-simplified,fictional character,0.8153486
11344-simplified,animated cartoon,0.7938989
11344-simplified,cg artwork,0.76867175
11344-simplified,portrait,0.5760802
11344-simplified,fiction,0.5689603
11344-simplified,film,0.5581449
11432-simplified,pollinator,0.97832245
11432-simplified,insect,0.9739888
11432-simplified,butterfly,0.97338057
11432-simplified,arthropod,0.95621365
11432-simplified,wing,0.9457783
1155-simplified,personal protective equipment,0.9382637
1155-simplified,helmet,0.9304064
1155-simplified,fictional character,0.7956429
1155-simplified,animation,0.7795272
1155-simplified,fiction,0.62254727
1155-simplified,cg artwork,0.60407394
1155-simplified,suit actor,0.5540087
11553-simplified,primate,0.97326505
11553-simplified,toy,0.5066775
1160-simplified,green,0.98183733
1160-simplified,grassland,0.94863415
1160-simplified,dress,0.9289493
1160-simplified,field,0.921024
1160-simplified,plain,0.9045259
1160-simplified,people in nature,0.8719159
11614-simplified,architecture,0.9293584
11614-simplified,arch,0.89780414
11614-simplified,palace,0.8419558
11614-simplified,classical architecture,0.769813
11614-simplified,column,0.7274383
11614-simplified,mansion,0.7173854
11614-simplified,floral design,0.5926962
11752-simplified,animation,0.7193238
11752-simplified,cityscape,0.5247009
11817-simplified,walking,0.66594553
11817-simplified,reflection,0.6268095
11906-simplified,natural material,0.70959514
11906-simplified,still life photography,0.6258488
11906-simplified,erosion,0.53829724
11947-simplified,map,0.9698631
11947-simplified,orange,0.9142279
11947-simplified,technology,0.8917585
11947-simplified,display device,0.82276326
11947-simplified,electronics,0.71093434
11947-simplified,multimedia,0.6866236
11947-simplified,screenshot,0.68036187
11947-simplified,software,0.5960509
11947-simplified,gadget,0.57995075
1195-simplified,dog,0.8795915
1195-simplified,carnivores,0.8775954
1195-simplified,wildlife,0.84209234
1195-simplified,terrestrial animal,0.7909486
1195-simplified,animation,0.7521178
1195-simplified,canidae,0.6379161
1195-simplified,tail,0.6176212
11996-simplified,lips,0.98479617
11996-simplified,skin,0.9803001
11996-simplified,red,0.9728488
11996-simplified,hairstyle,0.9701359
11996-simplified,eyelash,0.96995395
11996-simplified,beauty,0.9613072
11996-simplified,red hair,0.9526916
11996-simplified,facial expression,0.94463456
11996-simplified,portrait photography,0.89898235
12009-simplified,mansion,0.87820363
12009-simplified,classical architecture,0.70503634
12009-simplified,medieval architecture,0.701955
12009-simplified,night,0.6935497
12009-simplified,symmetry,0.6818331
12009-simplified,castle,0.681827
12009-simplified,palace,0.6797922
12009-simplified,evening,0.63563484
12009-simplified,dusk,0.63279134
12009-simplified,château,0.57434547
12035-simplified,astronaut,0.979497
12035-simplified,astronomical object,0.91064596
12035-simplified,outer space,0.82647216
12035-simplified,astronomy,0.7992201
12035-simplified,universe,0.7241669
12035-simplified,graphics,0.69046897
12035-simplified,animation,0.68045634
12035-simplified,night,0.6704908
12035-simplified,science,0.636958
12035-simplified,sphere,0.62765133
12180-simplified,orange,0.9543278
12180-simplified,arch,0.9527506
12180-simplified,sunset,0.8883276
12180-simplified,sunrise,0.8740027
12180-simplified,dusk,0.8689612
12180-simplified,afterglow,0.82373655
12180-simplified,red sky at morning,0.7767966
12180-simplified,evening,0.7477607
12180-simplified,dawn,0.71114635
1219-simplified,eyebrow,0.9855448
1219-simplified,skin,0.98051125
1219-simplified,beauty,0.9733398
1219-simplified,eyelash,0.9720462
1219-simplified,black hair,0.9541156
1219-simplified,fashion,0.94993764
1219-simplified,eye shadow,0.92670995
1219-simplified,black,0.9097329
1219-simplified,long hair,0.83190924
12220-simplified,chin,0.98860985
12220-simplified,facial hair,0.98812246
12220-simplified,cheek,0.98697215
12220-simplified,eyebrow,0.9860224
12220-simplified,forehead,0.98449075
12220-simplified,skin,0.98038936
12220-simplified,beard,0.9797304
12220-simplified,nose,0.9745318
12220-simplified,moustache,0.95843035
12244-simplified,bird,0.99290496
12244-simplified,blue,0.9888033
12244-simplified,beak,0.9686739
12244-simplified,vertebrate,0.9626274
12244-simplified,wing,0.92395526
12244-simplified,feather,0.8817081
12244-simplified,tail,0.6815893
12244-simplified,passerine,0.61218154
12244-simplified,still life photography,0.5737406
12445-simplified,armour,0.972137
12445-simplified,fictional character,0.932049
12445-simplified,knight,0.92317307
12445-simplified,action,0.88167894
12445-simplified,cg artwork,0.8361335
12445-simplified,action figure,0.8039894
12445-simplified,breastplate,0.7970637
12445-simplified,action-adventure game,0.7774553
12445-simplified,sword,0.71316844
12445-simplified,costume,0.67774606
12471-simplified,underwater,0.78775626
12483-simplified,hardwood,0.77392924
12483-simplified,wood stain,0.65135497
12483-simplified,fur,0.6143576
12483-simplified,natural foods,0.5407168
12483-simplified,vegetable,0.50552255
12494-simplified,beak,0.92715204
12494-simplified,bird,0.899237
12494-simplified,animation,0.8729294
12494-simplified,fictional character,0.830472
12494-simplified,cartoon,0.80560535
12494-simplified,animated cartoon,0.6977499
12494-simplified,landfowl,0.69638455
12494-simplified,chicken,0.637169
12494-simplified,phasianidae,0.6359795
12494-simplified,fiction,0.60630053
12498-simplified,ceiling,0.8316601
12498-simplified,symmetry,0.689085
12498-simplified,graphics,0.57305264
12498-simplified,science,0.5372811
12498-simplified,lens flare,0.5009503
12533-simplified,facial hair,0.96369743
12533-simplified,flame,0.93655217
12533-simplified,beard,0.9195642
12533-simplified,fire,0.85867184
12533-simplified,moustache,0.8005377
12533-simplified,heat,0.7365412
12533-simplified,candle,0.5233297
12657-simplified,dog,0.99547976
12657-simplified,carnivores,0.9352784
12657-simplified,pet supply,0.90103644
12657-simplified,snout,0.8846553
12657-simplified,collar,0.8737853
12657-simplified,working animal,0.80561775
12675-simplified,arch,0.9195821
12675-simplified,erosion,0.738598
12705-simplified,technology,0.8716538
12705-simplified,machine,0.8351405
12705-simplified,robot,0.83202225
12705-simplified,animation,0.7093108
12705-simplified,fictional character,0.6817397
12705-simplified,graphics,0.58816606
12705-simplified,action figure,0.5834406
12705-simplified,mecha,0.56269515
12705-simplified,shadow,0.527082
12755-simplified,orange,0.9498967
12755-simplified,dusk,0.9439935
12755-simplified,evening,0.8890165
12755-simplified,darkness,0.82650536
12755-simplified,electricity,0.8093222
12755-simplified,night,0.7965154
12755-simplified,sunrise,0.7653507
12755-simplified,heat,0.7558341
12755-simplified,sunset,0.73946655
12755-simplified,lens flare,0.704792
12812-simplified,field,0.92092717
12812-simplified,agriculture,0.89856917
12812-simplified,machine,0.8377689
12812-simplified,prairie,0.8001835
12812-simplified,steppe,0.770413
12812-simplified,robot,0.6713891
12812-simplified,plantation,0.56670576
12815-simplified,game,0.78790647
12815-simplified,astronomical object,0.6968521
12815-simplified,outer space,0.68510026
12815-simplified,winter,0.6354234
12815-simplified,aerospace engineering,0.59548914
12815-simplified,science,0.5839778
12815-simplified,digital compositing,0.57308453
12815-simplified,animation,0.57278293
12815-simplified,universe,0.56970316
12815-simplified,spacecraft,0.54220545
1285-simplified,animation,0.8882352
1285-simplified,fictional character,0.8751288
1285-simplified,animated cartoon,0.8483386
1285-simplified,cartoon,0.83790475
1285-simplified,toy,0.72236055
1285-simplified,film,0.7101638
1285-simplified,fiction,0.61102927
1285-simplified,digital compositing,0.53488755
12871-simplified,eyewear,0.9932048
12871-simplified,glasses,0.983218
12871-simplified,vision care,0.98216146
12871-simplified,facial expression,0.944941
12871-simplified,facial hair,0.86638725
12871-simplified,moustache,0.7825143
12871-simplified,beard,0.6797201
12871-simplified,portrait photography,0.6367088
12871-simplified,wrinkle,0.50395346
129-simplified,head,0.9862465
129-simplified,nose,0.9745435
129-simplified,eye,0.9579534
129-simplified,people in nature,0.8377446
129-simplified,long hair,0.8140075
129-simplified,cloak,0.7972415
129-simplified,mythology,0.6816645
129-simplified,cg artwork,0.6651192
129-simplified,portrait,0.5864219
12984-simplified,fictional character,0.93308747
12984-simplified,animation,0.75389326
12984-simplified,snout,0.74836487
12984-simplified,costume,0.6913092
12984-simplified,fiction,0.5850993
12984-simplified,cryptid,0.5783314
12984-simplified,animated cartoon,0.5776665
12984-simplified,mythical creature,0.56209147
12984-simplified,mask,0.51423013
12996-simplified,armour,0.5705006
12996-simplified,science,0.56016374
12996-simplified,fictional character,0.54537344
12996-simplified,animation,0.5450408
12996-simplified,digital compositing,0.5258068
13115-simplified,horse,0.9612526
13115-simplified,horse tack,0.87235737
13115-simplified,armour,0.84655505
13115-simplified,cg artwork,0.8142734
13115-simplified,fictional character,0.8081884
13115-simplified,working animal,0.79358906
13115-simplified,mythology,0.7932702
13115-simplified,horse supplies,0.77004975
13115-simplified,animation,0.76269567
13118-simplified,technology,0.859917
13118-simplified,display device,0.7563578
13118-simplified,graphic design,0.6837673
13118-simplified,gadget,0.59466386
13118-simplified,multimedia,0.5933364
13118-simplified,graphics,0.58491206
13167-simplified,facial hair,0.99197364
13167-simplified,beard,0.9904204
13167-simplified,moustache,0.98124385
13167-simplified,wrinkle,0.96087235
13167-simplified,temple,0.9580573
13167-simplified,facial expression,0.94466305
13167-simplified,portrait photography,0.86592525
13167-simplified,flesh,0.6926657
13184-simplified,red,0.97722703
13184-simplified,orange,0.89059067
13184-simplified,fictional character,0.8826517
13184-simplified,mythical creature,0.84705293
13184-simplified,dragon,0.8417212
13184-simplified,mythology,0.7506611
13184-simplified,graphics,0.57358396
13184-simplified,graphic design,0.5095445
1324-simplified,cartoon,0.8207731
1324-simplified,fictional character,0.7999833
1324-simplified,animation,0.7800021
1324-simplified,animated cartoon,0.74922115
1324-simplified,happiness,0.5493962
13263-simplified,green,0.97388726
13263-simplified,petal,0.9701251
13263-simplified,aquatic plant,0.9529486
13263-simplified,lotus,0.8375441
13263-simplified,reflection,0.7527909
13263-simplified,pond,0.72669566
13263-simplified,nelumbonaceae,0.72118485
13267-simplified,cat,0.96359247
13267-simplified,whiskers,0.9139317
13267-simplified,carnivores,0.89904344
13267-simplified,felidae,0.89383405
13267-simplified,felinae,0.8895601
13267-simplified,cartoon,0.87900954
13267-simplified,snout,0.87843794
13267-simplified,toy,0.8237555
13267-simplified,animated cartoon,0.8173943
13267-simplified,animation,0.8103474
13280-simplified,blue,0.9894413
13280-simplified,eyebrow,0.9858071
13280-simplified,lips,0.9847942
13280-simplified,eyelash,0.97967935
13280-simplified,beauty,0.9724692
13280-simplified,hairstyle,0.9703606
13280-simplified,fashion,0.9610993
13280-simplified,neck,0.95628285
13280-simplified,eye,0.95048904
13280-simplified,eye shadow,0.9422872
13283-simplified,facial hair,0.95379835
13283-simplified,hat,0.9438153
13283-simplified,beard,0.88017064
13283-simplified,sun hat,0.8526981
13283-simplified,moustache,0.8149433
13283-simplified,fedora,0.7705778
13283-simplified,film,0.5918444
13283-simplified,costume hat,0.5812773
13283-simplified,fictional character,0.5525204
13328-simplified,history,0.88968885
13328-simplified,battle,0.772413
13328-simplified,conquistador,0.6250371
13328-simplified,middle ages,0.53606755
13328-simplified,art paint,0.52837247
1334-simplified,fictional character,0.913089
1334-simplified,cartoon,0.8777097
1334-simplified,animation,0.8532517
1334-simplified,animated cartoon,0.7968532
1334-simplified,cg artwork,0.7822591
1334-simplified,anime,0.73334
1334-simplified,fiction,0.5774041
13374-simplified,barechestedness,0.8670166
13374-simplified,muscle,0.8389844
13374-simplified,cg artwork,0.8003916
13374-simplified,fictional character,0.755622
13374-simplified,animation,0.75516164
13374-simplified,thorax,0.7334399
13374-simplified,flesh,0.6428641
13374-simplified,animated cartoon,0.6233377
13374-simplified,mythology,0.62266344
13374-simplified,film,0.5934904
13502-simplified,beauty,0.95291
13502-simplified,long hair,0.8322036
13502-simplified,headpiece,0.7487206
13502-simplified,cg artwork,0.73182863
13502-simplified,film,0.7195104
13502-simplified,costume,0.7189668
13502-simplified,tradition,0.65315944
13502-simplified,model,0.5558833
13570-simplified,lens flare,0.6879151
13570-simplified,graphics,0.625151
13570-simplified,graphic design,0.5409664
13648-simplified,dog,0.99548984
13648-simplified,vertebrate,0.9592998
13648-simplified,carnivores,0.9453682
13648-simplified,snout,0.91765815
13648-simplified,fur,0.8438097
13648-simplified,working animal,0.7826049
13648-simplified,canidae,0.752409
13648-simplified,whiskers,0.70382035
13648-simplified,pet supply,0.6732971
13648-simplified,tongue,0.65506655
13651-simplified,tourist attraction,0.81898254
13651-simplified,dome,0.71626675
13651-simplified,cityscape,0.64230865
13651-simplified,evening,0.64083034
13651-simplified,night,0.5600244
13651-simplified,dusk,0.55775595
13699-simplified,orange,0.9199783
13699-simplified,plastic,0.7434562
13699-simplified,toy,0.7134051
13699-simplified,figurine,0.50287855
13812-simplified,atmospheric phenomenon,0.9510414
13812-simplified,moonlight,0.9012753
13812-simplified,moon,0.90126634
13812-simplified,astronomical object,0.8947232
13812-simplified,mist,0.83447117
13812-simplified,darkness,0.8336195
13812-simplified,fog,0.815714
13812-simplified,evening,0.77768904
13812-simplified,midnight,0.769575
13812-simplified,night,0.7534661
13814-simplified,costume,0.8595446
13814-simplified,fictional character,0.7921564
13814-simplified,toy,0.75521326
13814-simplified,fur,0.7034033
13814-simplified,costume design,0.66311496
13814-simplified,mask,0.64206666
13814-simplified,suit actor,0.61415356
13814-simplified,cosplay,0.5932292
13814-simplified,animation,0.5424852
13832-simplified,chin,0.988589
13832-simplified,nose,0.974972
13832-simplified,wrinkle,0.96861595
13832-simplified,temple,0.95961004
13832-simplified,eye,0.95269674
13832-simplified,facial expression,0.9448971
13832-simplified,portrait photography,0.8551939
13832-simplified,facial hair,0.79455084
13832-simplified,moustache,0.7636276
13832-simplified,portrait,0.7227728
13887-simplified,lighting,0.91698855
13887-simplified,electricity,0.83607775
13887-simplified,evening,0.7563223
13887-simplified,night,0.74903816
13887-simplified,electronic signage,0.74305487
13887-simplified,dusk,0.52442926
13906-simplified,train,0.9880331
13906-simplified,rolling stock,0.96635586
13906-simplified,winter,0.92834103
13906-simplified,rail transport,0.9279992
13906-simplified,electricity,0.90866613
13906-simplified,snow,0.9074756
13906-simplified,headlamp,0.90238255
1392-simplified,food,0.9821123
1392-simplified,ingredient,0.9128035
1392-simplified,recipe,0.8106168
1392-simplified,cooking,0.8085322
1392-simplified,condiment,0.80356294
1392-simplified,finger food,0.7002336
1392-simplified,culinary arts,0.69414425
13936-simplified,art,0.9194029
13936-simplified,visual arts,0.8995332
13936-simplified,painting,0.8334199
13936-simplified,portrait,0.77928513
13936-simplified,modern art,0.7523634
13936-simplified,art paint,0.70658046
13936-simplified,paint,0.69677454
1394-simplified,red,0.9778094
1394-simplified,pink,0.8795164
1394-simplified,party supply,0.5444025
1394-simplified,love,0.50613296
13981-simplified,game,0.8002253
13981-simplified,logo,0.78352684
13995-simplified,number,0.7893735
13995-simplified,neon,0.76009923
13995-simplified,night,0.66084313
13995-simplified,graphics,0.6125718
13995-simplified,neon sign,0.54901135
14017-simplified,happiness,0.97205245
14017-simplified,smile,0.9678033
14017-simplified,facial expression,0.9448744
14017-simplified,orange,0.9429152
14017-simplified,formal wear,0.92118514
14017-simplified,dress shirt,0.8128203
14017-simplified,logo,0.72639316
14028-simplified,cheek,0.98682535
14028-simplified,head,0.9858948
14028-simplified,skin,0.9807862
14028-simplified,child,0.9569674
14028-simplified,eye,0.952016
14028-simplified,eyelash,0.92604256
14028-simplified,iris,0.90613765
14028-simplified,blond,0.896653
14040-simplified,bird,0.9861265
14040-simplified,crows,0.9639578
14040-simplified,crow family,0.8997903
14040-simplified,beak,0.8989206
14040-simplified,common raven,0.84412277
14040-simplified,moon,0.80793154
14046-simplified,flooring,0.94843876
14046-simplified,floor,0.927598
14046-simplified,lighting,0.92658186
14046-simplified,ceiling,0.9255416
14046-simplified,door,0.88830453
14046-simplified,light fixture,0.7879477
14046-simplified,glass,0.74340594
14046-simplified,symmetry,0.70593554
14088-simplified,cat,0.9928446
14088-simplified,felidae,0.9808831
14088-simplified,felinae,0.96373785
14088-simplified,carnivores,0.9509276
14088-simplified,whiskers,0.9358998
14088-simplified,fur,0.7871817
14088-simplified,snout,0.76243865
14088-simplified,domestic short-haired cat,0.58113694
14105-simplified,dog,0.99425954
14105-simplified,flower,0.98981917
14105-simplified,petal,0.976179
14105-simplified,yellow,0.9746006
14105-simplified,working animal,0.8587364
14105-simplified,snout,0.8570808
14105-simplified,carnivores,0.8446735
14105-simplified,canidae,0.758486
14112-simplified,fictional character,0.7723911
14112-simplified,toy,0.70602834
14112-simplified,flesh,0.60009307
14112-simplified,action figure,0.55167466
1413-simplified,fungus,0.96855974
1413-simplified,mushroom,0.9607028
1413-simplified,animation,0.7899862
1413-simplified,fictional character,0.74626166
1413-simplified,lawn ornament,0.6726651
1413-simplified,animated cartoon,0.6164672
1413-simplified,toy,0.59649223
14162-simplified,technology,0.8671718
14162-simplified,machine,0.8399309
14162-simplified,robot,0.81457
14162-simplified,fictional character,0.7664647
14162-simplified,animation,0.69132066
14162-simplified,headphones,0.6352384
14162-simplified,cg artwork,0.5847473
14162-simplified,fiction,0.55329406
14206-simplified,fictional character,0.8961047
14206-simplified,cartoon,0.8254098
14206-simplified,animation,0.825147
14206-simplified,cg artwork,0.6761759
14206-simplified,hero,0.66899616
14206-simplified,animated cartoon,0.6423826
14206-simplified,anime,0.565056
14206-simplified,fiction,0.559401
1424-simplified,bird,0.97314453
1424-simplified,phasianidae,0.94175655
1424-simplified,landfowl,0.92197645
1424-simplified,beak,0.9173199
1424-simplified,black,0.9079648
1424-simplified,feather,0.8198978
1424-simplified,fowl,0.513571
14254-simplified,insect,0.9892184
14254-simplified,arthropod,0.9766229
14254-simplified,yellow,0.9613865
14254-simplified,close-up,0.9331768
14254-simplified,macro photography,0.91171646
14254-simplified,pest,0.9079822
14254-simplified,pollinator,0.74304736
14254-simplified,parasitism,0.6364219
14297-simplified,sculpture,0.9779737
14297-simplified,statue,0.9710216
14297-simplified,art,0.9316583
14297-simplified,bronze sculpture,0.8205817
14297-simplified,figurine,0.66526663
14297-simplified,classical sculpture,0.64534754
14297-simplified,collectable,0.6224803
14364-simplified,red sky at morning,0.91207266
14364-simplified,orange,0.8795664
14364-simplified,sunrise,0.8708124
14364-simplified,sunset,0.8351061
14364-simplified,fictional character,0.8278421
14364-simplified,afterglow,0.82726836
14364-simplified,dusk,0.80090326
14364-simplified,cg artwork,0.78011405
14364-simplified,animation,0.76578665
14364-simplified,dawn,0.7566089
14367-simplified,logo,0.7604978
14367-simplified,graphics,0.69224983
14367-simplified,graphic design,0.67258
14376-simplified,astronaut,0.857449
14376-simplified,astronomical object,0.8000471
14376-simplified,outer space,0.73978156
14376-simplified,universe,0.68890053
14376-simplified,star,0.6203952
14376-simplified,astronomy,0.61009717
14376-simplified,graphics,0.60000587
14376-simplified,science,0.58653164
14376-simplified,animation,0.5267862
14376-simplified,fiction,0.5203854
14387-simplified,facial hair,0.8320574
14387-simplified,game,0.7668444
14387-simplified,beard,0.75051236
14387-simplified,graphic design,0.73594344
14387-simplified,animation,0.7243172
14387-simplified,graphics,0.6854548
14387-simplified,video game software,0.6834498
14387-simplified,design,0.66818553
14387-simplified,film,0.6533378
14407-simplified,toy,0.91497135
14407-simplified,robot,0.91044575
14407-simplified,armour,0.9037335
14407-simplified,technology,0.88920414
14407-simplified,fictional character,0.85533094
14407-simplified,machine,0.8481932
14407-simplified,action figure,0.78986925
14407-simplified,mecha,0.7864002
14407-simplified,fiction,0.66741693
14407-simplified,action,0.6027688
14476-simplified,night,0.59190375
14478-simplified,musical instrument,0.99355674
14478-simplified,string instrument,0.99066603
14478-simplified,plucked string instrument,0.99
14478-simplified,chordophone,0.9855277
14478-simplified,guitarist,0.983271
14478-simplified,guitar,0.98285425
14478-simplified,performing arts,0.9749673
14478-simplified,entertainment,0.9739966
14478-simplified,music,0.97156215
14478-simplified,performance,0.9684737
14484-simplified,red,0.9737845
14484-simplified,bone,0.96693915
14484-simplified,yellow,0.959486
14484-simplified,orange,0.95722115
14484-simplified,neck,0.95614415
14484-simplified,active shirt,0.9233082
14484-simplified,skull,0.89834046
14484-simplified,flame,0.850193
14484-simplified,fire,0.78355354
14484-simplified,symbol,0.68234754
14550-simplified,motorcycle,0.99068356
14550-simplified,automotive lighting,0.9840977
14550-simplified,automotive tire,0.97651005
14550-simplified,motor vehicle,0.97624403
14550-simplified,red,0.97592133
14550-simplified,fuel tank,0.974181
14550-simplified,wheel,0.97280586
14550-simplified,spoke,0.9614741
14550-simplified,automotive wheel system,0.9567924
14550-simplified,automotive exterior,0.9550775
14579-simplified,blue,0.9890651
14579-simplified,crystal,0.9113076
14579-simplified,quartz,0.8921593
14579-simplified,gemstone,0.88920474
14579-simplified,mineral,0.86458147
14579-simplified,natural material,0.8499771
1460-simplified,superhero,0.98746365
1460-simplified,fictional character,0.9553743
1460-simplified,hero,0.8966513
1460-simplified,action,0.87830055
1460-simplified,armour,0.8501172
1460-simplified,film,0.82469004
1460-simplified,costume,0.8219833
1460-simplified,animation,0.7770075
1473-simplified,map,0.9869035
1479-simplified,blue,0.9884005
1479-simplified,technology,0.880314
1479-simplified,lens flare,0.80603534
1479-simplified,engineering,0.7473134
1479-simplified,symmetry,0.722262
1479-simplified,science,0.5341776
1510-simplified,fruit,0.96860343
1510-simplified,natural foods,0.9082556
1510-simplified,orange,0.8875781
1510-simplified,produce,0.86264086
1510-simplified,ingredient,0.84057385
1510-simplified,sphere,0.8178356
1510-simplified,food,0.7705303
1512-simplified,vertebrate,0.9607283
1512-simplified,terrestrial animal,0.8104169
1512-simplified,wildlife,0.758127
1512-simplified,snout,0.7182662
1512-simplified,bird,0.6861415
1512-simplified,reptile,0.5843321
1545-simplified,food,0.9716899
1545-simplified,ingredient,0.936954
1545-simplified,finger food,0.748525
1545-simplified,fast food,0.7424006
1562-simplified,boat,0.9747309
1562-simplified,watercraft,0.96348757
1562-simplified,naval architecture,0.87839216
1562-simplified,ship,0.8550386
1562-simplified,ocean,0.7306238
1566-simplified,technology,0.88238853
1566-simplified,machine,0.8458352
1566-simplified,fictional character,0.8036301
1566-simplified,robot,0.77902067
1566-simplified,fiction,0.596817
1566-simplified,toy,0.5606209
1566-simplified,science,0.5460818
1576-simplified,yoda,0.98924047
1576-simplified,fictional character,0.9585753
1576-simplified,superhero,0.93466586
1576-simplified,fiction,0.64111394
1576-simplified,mask,0.63657254
1576-simplified,animation,0.54581964
1647-simplified,gadget,0.9503093
1647-simplified,headphones,0.94055
1647-simplified,electronic device,0.9222898
1647-simplified,technology,0.8391193
1677-simplified,game,0.77039886
1677-simplified,evening,0.7613301
1677-simplified,animation,0.7563716
1677-simplified,dusk,0.7461799
1677-simplified,alley,0.6776124
1677-simplified,cg artwork,0.6765723
1677-simplified,cityscape,0.5925624
1677-simplified,digital compositing,0.5852835
1677-simplified,pc game,0.58515006
1677-simplified,fictional character,0.58407855
1718-simplified,night,0.8377425
1718-simplified,mythology,0.8040025
1718-simplified,holy places,0.79863554
1718-simplified,shrine,0.55117935
1762-simplified,dinosaur,0.93050534
1762-simplified,landmark,0.92232645
1762-simplified,tourist attraction,0.8809429
1762-simplified,terrestrial animal,0.78823614
1762-simplified,night,0.75039697
1782-simplified,motor vehicle,0.97080934
1782-simplified,automotive lighting,0.95905256
1782-simplified,car,0.93089956
1782-simplified,headlamp,0.87693983
1782-simplified,classic car,0.86551976
1782-simplified,hood,0.85386825
1782-simplified,fender,0.84215397
1782-simplified,automotive wheel system,0.82924044
1782-simplified,antique car,0.8258501
1782-simplified,vintage car,0.7874742
1809-simplified,machine,0.82577324
1809-simplified,robot,0.81239414
1809-simplified,fictional character,0.77433944
1809-simplified,action figure,0.6602078
1809-simplified,toy,0.6306776
1809-simplified,animation,0.5547832
1809-simplified,fiction,0.5404885
1852-simplified,flame,0.9807179
1852-simplified,fire,0.9676163
1852-simplified,heat,0.9335149
1852-simplified,lighting,0.9109586
1852-simplified,orange,0.9011535
1852-simplified,darkness,0.8442943
1852-simplified,night,0.76027954
1852-simplified,still life photography,0.6473256
1884-simplified,armour,0.98044175
1884-simplified,personal protective equipment,0.9488439
1884-simplified,fictional character,0.93314767
1884-simplified,helmet,0.92405474
1884-simplified,action,0.89973706
1884-simplified,cuirass,0.85354435
1884-simplified,machine,0.8356394
1884-simplified,hero,0.8330523
1884-simplified,robot,0.8285049
1884-simplified,cg artwork,0.8184702
1935-simplified,armour,0.9441481
1935-simplified,fictional character,0.9411798
1935-simplified,cg artwork,0.88747066
1935-simplified,cartoon,0.8255157
1935-simplified,purple,0.81405264
1935-simplified,animation,0.7546154
1935-simplified,anime,0.69961214
1935-simplified,graphics,0.6679882
1935-simplified,supernatural creature,0.5877471
1937-simplified,fictional character,0.93371165
1937-simplified,armour,0.9331317
1937-simplified,robot,0.8723047
1937-simplified,technology,0.85872227
1937-simplified,machine,0.84211487
1937-simplified,mecha,0.71525437
1937-simplified,animation,0.63171387
1937-simplified,fiction,0.61045605
1937-simplified,action figure,0.6040866
1937-simplified,digital compositing,0.5641651
1947-simplified,fictional character,0.9444267
1947-simplified,dragon,0.94161856
1947-simplified,mythical creature,0.9383151
1947-simplified,wing,0.89812857
1947-simplified,cg artwork,0.8561046
1947-simplified,mythology,0.8345066
1947-simplified,cryptid,0.77961147
1947-simplified,animation,0.7120678
1947-simplified,extinction,0.7108728
1947-simplified,graphics,0.5892655
1960-simplified,lens flare,0.60737133
1960-simplified,shadow,0.5521103
1965-simplified,cartoon,0.88594836
1965-simplified,rodent,0.8853172
1965-simplified,animated cartoon,0.8341531
1965-simplified,animation,0.83139753
1965-simplified,squirrel,0.8168799
1965-simplified,fictional character,0.80090654
1965-simplified,cg artwork,0.75267047
1965-simplified,graphics,0.70820767
1965-simplified,rabbit,0.551514
1968-simplified,mountainous landforms,0.98514473
1968-simplified,mountain,0.97911125
1968-simplified,hill,0.9671228
1968-simplified,atmospheric phenomenon,0.9314229
1968-simplified,horizon,0.9259446
1968-simplified,ecoregion,0.9235645
1968-simplified,mountain range,0.9122312
1968-simplified,dusk,0.87300354
1980-simplified,fictional character,0.89903307
1980-simplified,game,0.7530911
1980-simplified,animation,0.7124375
1980-simplified,mask,0.59943885
1980-simplified,pc game,0.5727813
1980-simplified,fiction,0.56352323
1980-simplified,digital compositing,0.5097371
1980-simplified,cg artwork,0.50785595
1980-simplified,armour,0.50408244
2-simplified,horse,0.8950925
2-simplified,astronaut,0.7086304
2-simplified,horse supplies,0.69204754
2-simplified,astronomical object,0.66879153
2-simplified,horse tack,0.6293914
2-simplified,fiction,0.520815
2-simplified,astronomy,0.5058127
2010-simplified,sea,0.95370835
2010-simplified,fluid,0.9527182
2010-simplified,cloud,0.94524306
2010-simplified,wave,0.9345335
2010-simplified,ocean,0.9202
2010-simplified,wind,0.8242115
2072-simplified,blue,0.98860687
21-simplified,technology,0.87563133
21-simplified,robot,0.86958045
21-simplified,machine,0.8463413
21-simplified,toy,0.62895864
21-simplified,science,0.5723301
2107-simplified,nature,0.9737684
2107-simplified,forest,0.95150006
2107-simplified,trunk,0.8719929
2107-simplified,jungle,0.8606512
2107-simplified,woody plant,0.83620566
2107-simplified,old-growth forest,0.8265989
2107-simplified,woodland,0.74555165
2107-simplified,rainforest,0.7231528
2107-simplified,giant sequoia,0.69665
2137-simplified,toy,0.6398685
2139-simplified,yellow,0.96174496
2139-simplified,toy,0.7276633
2139-simplified,happiness,0.7092869
2230-simplified,fictional character,0.8487357
2230-simplified,costume,0.7520295
2230-simplified,cloak,0.70391726
2230-simplified,film,0.64055175
2230-simplified,animation,0.5985697
2230-simplified,hood,0.5706345
2230-simplified,cape,0.5087957
2352-simplified,crystal,0.95197994
2352-simplified,gemstone,0.94925493
2352-simplified,quartz,0.9372904
2352-simplified,mineral,0.88443834
2352-simplified,natural material,0.8516955
2352-simplified,emerald,0.79995096
2352-simplified,still life photography,0.57889503
2356-simplified,machine,0.83587795
2356-simplified,mecha,0.695669
2356-simplified,robot,0.62207407
2356-simplified,digital compositing,0.5871449
2356-simplified,science,0.5601215
2356-simplified,pc game,0.53037804
2356-simplified,3d modeling,0.5124879
2356-simplified,fictional character,0.51117647
2366-simplified,bird,0.9890288
2366-simplified,bird of prey,0.96560097
2366-simplified,vertebrate,0.9611608
2366-simplified,wildlife,0.8436297
2366-simplified,beak,0.8430594
2366-simplified,feather,0.67026174
2369-simplified,volcanic landform,0.9705187
2369-simplified,volcano,0.97039574
2369-simplified,geological phenomenon,0.9484647
2369-simplified,types of volcanic eruptions,0.947715
2369-simplified,orange,0.93903565
2369-simplified,lava dome,0.93050283
2369-simplified,cloud,0.9209977
2369-simplified,volcanic field,0.9055978
2369-simplified,lava,0.89275247
2369-simplified,stratovolcano,0.872955
2393-simplified,galaxy,0.97703934
2393-simplified,outer space,0.97360027
2393-simplified,astronomical object,0.9593044
2393-simplified,astronomy,0.947869
2393-simplified,universe,0.94728583
2393-simplified,nebula,0.8056658
2393-simplified,star,0.7909497
2420-simplified,engineering,0.7442987
2420-simplified,train,0.6764384
2420-simplified,rolling stock,0.6554857
2420-simplified,rolling,0.6490773
2420-simplified,rail transport,0.6341802
2462-simplified,outer space,0.9719843
2462-simplified,galaxy,0.9639891
2462-simplified,astronomical object,0.943722
2462-simplified,universe,0.94292945
2462-simplified,astronomy,0.9247175
2462-simplified,nebula,0.90879595
2462-simplified,star,0.8935349
2462-simplified,atmospheric phenomenon,0.8776613
2462-simplified,night,0.8090357
2469-simplified,flower,0.9755111
2469-simplified,petal,0.9086544
2469-simplified,animation,0.7118404
2469-simplified,animated cartoon,0.68982476
2469-simplified,floristry,0.5345123
2469-simplified,fictional character,0.50835353
2472-simplified,horse,0.9896188
2472-simplified,atmospheric phenomenon,0.9500266
2472-simplified,working animal,0.9480096
2472-simplified,mist,0.92388266
2472-simplified,mustang,0.8910906
2472-simplified,fog,0.8566042
2472-simplified,stallion,0.8125608
2529-simplified,bone,0.98705727
2529-simplified,red,0.9763387
2529-simplified,skull,0.96841973
2529-simplified,flame,0.9600392
2529-simplified,fire,0.9515349
2529-simplified,orange,0.95114255
2529-simplified,heat,0.9359328
2529-simplified,tooth,0.92789763
2529-simplified,symbol,0.6691173
2554-simplified,bird,0.99037915
2554-simplified,beak,0.96096295
2554-simplified,wing,0.8753897
2554-simplified,wildlife,0.8059884
2554-simplified,feather,0.7912276
2554-simplified,passerine,0.6635473
2554-simplified,songbirds,0.6239339
2579-simplified,facial hair,0.93785214
2579-simplified,beard,0.8879114
2579-simplified,moustache,0.81199837
2579-simplified,fictional character,0.7313008
2584-simplified,red,0.9767016
2584-simplified,fictional character,0.8905602
2584-simplified,cape,0.7237818
2584-simplified,animation,0.6153734
2584-simplified,cloak,0.6002413
2589-simplified,pyramid,0.88872355
2589-simplified,triangle,0.81071264
2589-simplified,wonders of the world,0.6432617
2589-simplified,meteorological phenomenon,0.5989438
2589-simplified,science,0.5717191
2589-simplified,digital compositing,0.5652895
2589-simplified,world heritage site,0.54638684
2589-simplified,star,0.54156697
2589-simplified,universe,0.53257966
2702-simplified,fictional character,0.95087177
2702-simplified,mythical creature,0.9271204
2702-simplified,dragon,0.88794446
2702-simplified,mythology,0.7613595
2702-simplified,cg artwork,0.7318583
2702-simplified,cryptid,0.72965026
2702-simplified,graphic design,0.6891466
2702-simplified,animation,0.677159
2702-simplified,graphics,0.6660582
2730-simplified,fictional character,0.8780846
2730-simplified,animation,0.8707461
2730-simplified,cartoon,0.8305931
2730-simplified,beak,0.79978573
2730-simplified,toy,0.77064407
2730-simplified,animated cartoon,0.759632
2730-simplified,bird,0.618797
2730-simplified,fiction,0.6129425
2730-simplified,robot,0.59822214
2730-simplified,3d modeling,0.50106436
2750-simplified,neon,0.84456927
2750-simplified,visual effect lighting,0.6144011
2750-simplified,lens flare,0.5775271
2750-simplified,night,0.5429565
2762-simplified,eyebrow,0.9852536
2762-simplified,skin,0.98067516
2762-simplified,hairstyle,0.97045034
2762-simplified,eye,0.9606786
2762-simplified,facial expression,0.94494635
2762-simplified,eyelash,0.9210374
2762-simplified,iris,0.90190595
2762-simplified,cartoon,0.8996925
2762-simplified,long hair,0.8860475
2819-simplified,cat,0.98554385
2819-simplified,felidae,0.9638369
2819-simplified,felinae,0.93933386
2819-simplified,insect,0.9278501
2819-simplified,pollinator,0.91902906
2819-simplified,whiskers,0.9127076
2819-simplified,carnivores,0.91200244
2819-simplified,butterfly,0.8917185
2819-simplified,kitten,0.88965434
2819-simplified,snout,0.86171174
2869-simplified,spire,0.92917585
2869-simplified,castle,0.91062933
2869-simplified,cloud,0.9038102
2869-simplified,tower,0.8569447
2869-simplified,steeple,0.8545291
2869-simplified,history,0.84983385
2869-simplified,turret,0.7954168
2869-simplified,evening,0.724866
2869-simplified,medieval architecture,0.7247969
2915-simplified,bird,0.98416376
2915-simplified,beak,0.9198496
2915-simplified,feather,0.86205524
2915-simplified,crows,0.75214005
2915-simplified,songbirds,0.7036074
2915-simplified,crow family,0.6886473
2915-simplified,passerine,0.67419356
2915-simplified,common raven,0.6534796
2915-simplified,sun hat,0.62628895
2915-simplified,fedora,0.5596324
2922-simplified,blue,0.9883447
2922-simplified,yellow,0.9538489
2922-simplified,composite material,0.8745136
2922-simplified,symmetry,0.7116902
2948-simplified,toy,0.84897435
2948-simplified,snout,0.8155767
2948-simplified,car door,0.7246011
2948-simplified,primate,0.5558286
2969-simplified,sky,0.9905075
2969-simplified,photograph,0.98849225
2969-simplified,horizon,0.9852967
2969-simplified,sun,0.98525155
2969-simplified,afterglow,0.9839652
2969-simplified,daytime,0.98185194
2969-simplified,sunset,0.9801627
2969-simplified,cloud,0.97850996
2969-simplified,nature,0.97738045
2969-simplified,orange,0.97140574
2972-simplified,fruit,0.9620788
2972-simplified,produce,0.9171139
2972-simplified,smile,0.8971187
2972-simplified,food,0.86569875
2972-simplified,natural foods,0.83585846
2972-simplified,happiness,0.815189
2993-simplified,cartoon,0.8512152
2993-simplified,rodent,0.82706875
2993-simplified,animated cartoon,0.80490386
2993-simplified,animation,0.76212263
2993-simplified,fictional character,0.75988066
2993-simplified,cg artwork,0.7376397
2993-simplified,film,0.7027589
2993-simplified,graphics,0.673365
2993-simplified,toy,0.617888
2993-simplified,squirrel,0.59652925
3016-simplified,fictional character,0.9387874
3016-simplified,supernatural creature,0.83381146
3016-simplified,animation,0.7893714
3016-simplified,cg artwork,0.78928685
3016-simplified,mythical creature,0.7841534
3016-simplified,cryptid,0.7811013
3016-simplified,demon,0.73907167
3016-simplified,film,0.69810224
3016-simplified,mythology,0.6783195
3016-simplified,fiction,0.66030073
3041-simplified,insect,0.8915356
3041-simplified,close-up,0.8560352
3041-simplified,arthropod,0.7961501
3041-simplified,macro photography,0.7914858
3041-simplified,pest,0.68987745
3041-simplified,parasitism,0.5709156
3041-simplified,amphibians,0.52733916
3050-simplified,column,0.9421791
3050-simplified,arch,0.9108033
3050-simplified,arcade,0.72413194
3050-simplified,gothic architecture,0.7138143
3050-simplified,shadow,0.6934382
3050-simplified,still life photography,0.59809095
3050-simplified,ruins,0.55847555
3220-simplified,book,0.7593785
3220-simplified,publication,0.7354917
324-simplified,food,0.9894502
324-simplified,ingredient,0.9633336
324-simplified,fast food,0.8863236
324-simplified,recipe,0.850952
324-simplified,comfort food,0.80448556
324-simplified,condiment,0.79583585
326-simplified,blue,0.9877875
326-simplified,house,0.9606829
326-simplified,home,0.95851976
326-simplified,garden,0.9290636
326-simplified,cottage,0.91001296
326-simplified,moon,0.8742396
326-simplified,petal,0.85227394
326-simplified,astronomical object,0.8399725
326-simplified,landscaping,0.8356786
3265-simplified,landmark,0.92169076
3265-simplified,monument,0.9121775
3265-simplified,pyramid,0.89668185
3265-simplified,tourist attraction,0.89167196
3265-simplified,triangle,0.81010175
3265-simplified,world heritage site,0.79963434
3265-simplified,wonders of the world,0.77004105
3265-simplified,tower,0.7528298
3265-simplified,design,0.6728211
329-simplified,machine,0.8364694
329-simplified,robot,0.7416337
329-simplified,science,0.52302915
3306-simplified,tower,0.895067
3306-simplified,spire,0.86368716
3306-simplified,game,0.8554491
3306-simplified,cg artwork,0.8487874
3306-simplified,video game software,0.7238191
3306-simplified,cityscape,0.66394895
3306-simplified,battle,0.6603137
3306-simplified,fictional character,0.64631486
3306-simplified,pc game,0.6367599
3306-simplified,dawn,0.61041266
3331-simplified,wood,0.97199464
3331-simplified,cottage,0.92194194
3331-simplified,log cabin,0.8527991
3331-simplified,door,0.8484738
3331-simplified,hardwood,0.8204313
3331-simplified,wood stain,0.7851574
3331-simplified,garden buildings,0.7668846
3331-simplified,woodland,0.70483947
3417-simplified,history,0.85121614
3417-simplified,ruins,0.8297989
3417-simplified,tourist attraction,0.8225562
3417-simplified,sunlight,0.81684583
3417-simplified,jungle,0.79161435
3417-simplified,temple,0.76608056
3417-simplified,old-growth forest,0.6656628
3417-simplified,world heritage site,0.6470659
3446-simplified,flame,0.5738745
3446-simplified,fire,0.53631026
3446-simplified,science,0.50409985
3459-simplified,night,0.82676774
3459-simplified,astronomical object,0.6405473
3459-simplified,moonlight,0.58327764
3459-simplified,dusk,0.55683887
3459-simplified,walking,0.52399176
3460-simplified,blue,0.9888385
3460-simplified,facial expression,0.9449429
3460-simplified,fictional character,0.8569945
3460-simplified,animation,0.75027645
3460-simplified,film,0.7240733
3460-simplified,portrait photography,0.6256989
3460-simplified,no expression,0.58830786
3460-simplified,portrait,0.582893
3460-simplified,hero,0.50860107
3511-simplified,fictional character,0.7780288
3511-simplified,cg artwork,0.7110572
3511-simplified,animation,0.6250716
3511-simplified,graphics,0.61494005
3511-simplified,winter,0.60477173
3511-simplified,fiction,0.5220027
3540-simplified,morning,0.8397076
3540-simplified,evening,0.79024976
3540-simplified,dusk,0.73530215
3540-simplified,sunrise,0.6596516
3540-simplified,astronomical object,0.65388125
3540-simplified,animation,0.6019692
3540-simplified,watercolor painting,0.52151257
3618-simplified,cat,0.99487674
3618-simplified,felidae,0.9774797
3618-simplified,felinae,0.9676181
3618-simplified,whiskers,0.9559692
3618-simplified,carnivores,0.93696684
3618-simplified,fur,0.83881754
3618-simplified,snout,0.8236915
3618-simplified,domestic short-haired cat,0.53212065
367-simplified,fish,0.9387131
367-simplified,marine biology,0.6712605
367-simplified,underwater,0.66226125
367-simplified,fin,0.6233268
367-simplified,fictional character,0.5985904
367-simplified,tail,0.5592787
3825-simplified,yellow,0.95796484
3825-simplified,orange,0.87727195
3825-simplified,graphics,0.6863571
3825-simplified,graphic design,0.6834236
3855-simplified,sword,0.7924383
3855-simplified,costume,0.7769387
3855-simplified,fictional character,0.6158753
3855-simplified,film,0.5791435
3855-simplified,hero,0.57024115
3855-simplified,animation,0.56104475
3855-simplified,costume design,0.5020987
4383-simplified,night,0.9422607
4383-simplified,tourist attraction,0.84053206
4383-simplified,tower,0.814803
4383-simplified,midnight,0.7991404
4383-simplified,astronomical object,0.70769876
4383-simplified,reflection,0.6796324
4383-simplified,wonders of the world,0.6617122
4383-simplified,science,0.6439662
4383-simplified,evening,0.643087
4428-simplified,gemstone,0.95620275
4428-simplified,body jewelry,0.8914894
4428-simplified,jewellery,0.88260335
4428-simplified,crystal,0.88105834
4428-simplified,diamond,0.8729587
4428-simplified,emerald,0.8596141
4428-simplified,natural material,0.8579573
4428-simplified,mineral,0.83018625
4439-simplified,fictional character,0.78644097
4439-simplified,animation,0.68428284
4439-simplified,night,0.5851248
4439-simplified,fiction,0.5052804
4440-simplified,eyewear,0.9889615
4440-simplified,vision care,0.9793642
4440-simplified,facial expression,0.9449349
4440-simplified,smile,0.8824136
4440-simplified,portrait,0.75528735
4440-simplified,necktie,0.70967466
4440-simplified,goggles,0.67250526
4440-simplified,pleased,0.6561517
4461-simplified,fictional character,0.90159833
4463-simplified,mask,0.8615149
4463-simplified,costume,0.8115659
4463-simplified,fictional character,0.7500955
4463-simplified,masque,0.6837041
4463-simplified,cosplay,0.6176799
4463-simplified,animation,0.5754019
4463-simplified,fiction,0.57016623
4463-simplified,cg artwork,0.56864834
4463-simplified,costume design,0.5681744
4463-simplified,armour,0.5359153
4501-simplified,land vehicle,0.9890632
4501-simplified,motor vehicle,0.9753249
4501-simplified,wheel,0.9746464
4501-simplified,car,0.9638037
4501-simplified,automotive exterior,0.9556573
4501-simplified,automotive tire,0.9423604
4514-simplified,astronaut,0.97937065
4514-simplified,outer space,0.77838993
4514-simplified,astronomical object,0.73768777
4514-simplified,graphics,0.6093711
4514-simplified,graphic design,0.60641885
4514-simplified,science,0.60363173
4514-simplified,astronomy,0.60184914
4514-simplified,universe,0.5480301
4514-simplified,animation,0.5466984
4519-simplified,smile,0.9920069
4519-simplified,chin,0.9885416
4519-simplified,happiness,0.98653674
4519-simplified,eyebrow,0.9852485
4519-simplified,skin,0.9802124
4519-simplified,beauty,0.9585996
4519-simplified,facial expression,0.94494975
4519-simplified,tooth,0.9328994
4519-simplified,portrait photography,0.9017521
456-simplified,land vehicle,0.9850577
456-simplified,car,0.9753545
456-simplified,automotive lighting,0.91579026
456-simplified,classic car,0.6772214
456-simplified,sedan,0.6739157
456-simplified,full-size car,0.6525529
4565-simplified,nature,0.9789195
4565-simplified,green,0.9785289
4565-simplified,branch,0.96665263
4565-simplified,sun,0.9646476
4565-simplified,natural landscape,0.95124686
4565-simplified,forest,0.9249334
4565-simplified,sunlight,0.91410774
4565-simplified,atmospheric phenomenon,0.9041714
4565-simplified,sunrise,0.87898314
4565-simplified,reflection,0.87213653
4578-simplified,fictional character,0.9195138
4578-simplified,cg artwork,0.85868603
4578-simplified,armour,0.7959549
4578-simplified,supernatural creature,0.76644427
4578-simplified,mask,0.7549678
4578-simplified,demon,0.73869896
4578-simplified,mythology,0.667878
4578-simplified,graphics,0.66541576
4578-simplified,action-adventure game,0.6116632
4578-simplified,animation,0.5948823
4597-simplified,green,0.97802246
4597-simplified,plantation,0.63026017
4597-simplified,agriculture,0.5715346
461-simplified,feather,0.6799866
461-simplified,night,0.6713956
4618-simplified,bird,0.99260795
4618-simplified,beak,0.97421676
4618-simplified,vertebrate,0.9617849
4618-simplified,wing,0.8715323
4618-simplified,feather,0.8700725
4618-simplified,close-up,0.84085643
4618-simplified,terrestrial animal,0.82939523
4654-simplified,eyewear,0.9956237
4654-simplified,chin,0.9885442
4654-simplified,glasses,0.98695654
4654-simplified,eyebrow,0.98551404
4654-simplified,vision care,0.9854035
4654-simplified,forehead,0.9815543
4654-simplified,hairstyle,0.97010714
4654-simplified,collar,0.9675552
4654-simplified,black hair,0.95811373
4654-simplified,facial expression,0.9447423
4664-simplified,chicken,0.97052574
4664-simplified,bird,0.96691495
4664-simplified,vertebrate,0.960192
4664-simplified,phasianidae,0.9564367
4664-simplified,beak,0.9499543
4664-simplified,landfowl,0.9420639
4664-simplified,fowl,0.9134125
4722-simplified,carnivores,0.92082924
4722-simplified,felidae,0.8952223
4722-simplified,dog,0.8437617
4722-simplified,cat,0.83978534
4722-simplified,felinae,0.8316974
4722-simplified,tail,0.68597126
4722-simplified,paw,0.65330315
4722-simplified,fur,0.6196979
4722-simplified,canidae,0.5324789
4738-simplified,fish,0.98757064
4738-simplified,red,0.97291404
4738-simplified,vertebrate,0.9612637
4738-simplified,fin,0.9357187
4738-simplified,marine biology,0.9351751
4738-simplified,orange,0.9293013
4738-simplified,underwater,0.89567536
4738-simplified,tail,0.8105527
4803-simplified,blue,0.9879549
4803-simplified,red,0.9768022
4803-simplified,orange,0.96146524
4803-simplified,yellow,0.96122694
4803-simplified,flame,0.95276433
4803-simplified,heat,0.9233674
4803-simplified,fire,0.8928754
4803-simplified,purple,0.82768124
4803-simplified,graphics,0.63063693
4812-simplified,happiness,0.7017288
4812-simplified,portrait photography,0.5924456
4836-simplified,facial hair,0.9098977
4836-simplified,beard,0.7474103
4836-simplified,moustache,0.7171215
4836-simplified,film,0.6402558
4836-simplified,hero,0.59868956
4906-simplified,fictional character,0.8837647
4906-simplified,technology,0.86509436
4906-simplified,machine,0.8095159
4906-simplified,animation,0.66671854
4906-simplified,robot,0.6092346
4906-simplified,armour,0.59363407
4906-simplified,fiction,0.5831471
4906-simplified,mask,0.570599
4916-simplified,bird,0.9176678
4916-simplified,beak,0.91147894
4916-simplified,animation,0.85548234
4916-simplified,astronomical object,0.82374287
4916-simplified,child,0.7855778
4916-simplified,animated cartoon,0.67097217
4916-simplified,graphics,0.6428316
4916-simplified,film,0.636364
4948-simplified,liquid,0.91954315
4948-simplified,glass,0.75719774
4950-simplified,film,0.82888657
4950-simplified,action,0.8282044
4950-simplified,facial hair,0.8128612
4950-simplified,costume,0.7266862
4950-simplified,hero,0.70487964
4950-simplified,armour,0.67507577
4950-simplified,beard,0.6608649
4950-simplified,fictional character,0.6055953
4980-simplified,carnivores,0.85690683
4980-simplified,snout,0.7959915
4980-simplified,canidae,0.73569185
4980-simplified,animation,0.5980297
4980-simplified,graphics,0.59425354
4980-simplified,fictional character,0.57297873
4986-simplified,machine,0.80827856
4986-simplified,plastic,0.58942515
5104-simplified,musical instrument,0.9545956
5104-simplified,interior design,0.9457549
5104-simplified,lighting,0.92583424
5104-simplified,light fixture,0.923473
5104-simplified,ceiling,0.9213769
5136-simplified,fictional character,0.7190037
5136-simplified,film,0.6666914
5136-simplified,animation,0.5939823
5136-simplified,hero,0.57273793
5165-simplified,eyebrow,0.98528457
5165-simplified,eyelash,0.87006867
5165-simplified,cg artwork,0.8162244
5165-simplified,portrait photography,0.7612134
5165-simplified,fictional character,0.74682796
5165-simplified,portrait,0.66134423
5165-simplified,no expression,0.6346683
5165-simplified,film,0.6298578
5165-simplified,model,0.60028136
5165-simplified,eye shadow,0.54236704
5215-simplified,glass,0.76776177
5215-simplified,daylighting,0.6107981
5215-simplified,evening,0.6105236
5298-simplified,facial hair,0.9817834
5298-simplified,beard,0.9671827
5298-simplified,moustache,0.91276693
5298-simplified,armour,0.8645114
5298-simplified,breastplate,0.74607116
5298-simplified,cuirass,0.70403874
5298-simplified,costume,0.68987477
5298-simplified,vikings,0.5553358
5298-simplified,knight,0.5077515
5309-simplified,facial expression,0.9444105
5309-simplified,toy,0.9439481
5309-simplified,dragon ball,0.8838093
5309-simplified,fictional character,0.87991107
5309-simplified,muscle,0.85694605
5309-simplified,cartoon,0.8061873
5309-simplified,animation,0.7383811
5309-simplified,animated cartoon,0.6763084
5309-simplified,film,0.66092837
5309-simplified,figurine,0.62492716
5332-simplified,food,0.96600735
5332-simplified,ingredient,0.9442181
5332-simplified,recipe,0.8167641
5334-simplified,number,0.82032204
5340-simplified,black,0.9067229
5340-simplified,night,0.89311695
5340-simplified,darkness,0.8819507
5340-simplified,midnight,0.79899806
5340-simplified,alley,0.79069465
5340-simplified,evening,0.7503647
5340-simplified,shadow,0.72143936
5340-simplified,backlighting,0.65945315
5340-simplified,walking,0.60265726
5340-simplified,lens flare,0.59429854
5428-simplified,red,0.9736432
5428-simplified,outer space,0.9627194
5428-simplified,astronomical object,0.95542777
5428-simplified,orange,0.95351326
5428-simplified,astronomy,0.925691
5428-simplified,universe,0.8731022
5428-simplified,planet,0.84839386
5428-simplified,sphere,0.8107931
5428-simplified,heat,0.7222282
5428-simplified,night,0.71018076
5432-simplified,calabaza,0.94710535
5432-simplified,facial expression,0.94494444
5432-simplified,produce,0.9431225
5432-simplified,orange,0.93793374
5432-simplified,winter squash,0.9278092
5432-simplified,pumpkin,0.9226893
5432-simplified,vegetable,0.92161834
5432-simplified,gourd,0.862936
5432-simplified,squash,0.84128207
545-simplified,mobile phone,0.7706154
545-simplified,silver,0.7446856
545-simplified,gadget,0.7428662
545-simplified,smartphone,0.6703733
545-simplified,portable communications device,0.6405363
545-simplified,telephony,0.62783617
545-simplified,still life photography,0.61988306
5456-simplified,armour,0.9406653
5456-simplified,breastplate,0.8165747
5456-simplified,action,0.79828143
5456-simplified,fictional character,0.7936696
5456-simplified,cg artwork,0.7704139
5456-simplified,knight,0.7121928
5456-simplified,film,0.686586
5456-simplified,costume,0.65576667
5456-simplified,hero,0.63327897
5456-simplified,cloak,0.5878173
5460-simplified,entertainment,0.95631665
5460-simplified,orange,0.89353645
5460-simplified,performance,0.8935159
5460-simplified,party,0.8580863
5460-simplified,performing arts,0.853319
5460-simplified,concert,0.78963125
5584-simplified,fictional character,0.8363584
5584-simplified,snout,0.76374865
5584-simplified,animation,0.754366
5584-simplified,animated cartoon,0.7194934
5584-simplified,toy,0.58430177
5584-simplified,mythical creature,0.50718105
5686-simplified,horse,0.95763063
5686-simplified,mustang,0.8335111
5686-simplified,fictional character,0.80182785
5686-simplified,animation,0.72365046
5686-simplified,stallion,0.7143245
5686-simplified,meteorological phenomenon,0.71099687
5686-simplified,mythical creature,0.6753788
5686-simplified,wind,0.64944345
5763-simplified,cat,0.9955508
5763-simplified,felidae,0.98455524
5763-simplified,whiskers,0.97809666
5763-simplified,felinae,0.9684996
5763-simplified,vertebrate,0.9608961
5763-simplified,snout,0.92371964
5763-simplified,fur,0.8378136
5763-simplified,carnivores,0.8277089
5763-simplified,horse,0.7525714
5763-simplified,domestic short-haired cat,0.7476815
5789-simplified,personal protective equipment,0.91930425
5789-simplified,fictional character,0.90799224
5789-simplified,helmet,0.837322
5789-simplified,armour,0.82608134
5789-simplified,costume,0.7604683
5789-simplified,action,0.7261006
5789-simplified,fiction,0.6690992
5789-simplified,hero,0.608591
5807-simplified,blue,0.9884318
5807-simplified,sphere,0.80398536
5807-simplified,graphics,0.61726403
5846-simplified,heart,0.9847641
5846-simplified,red,0.9777493
5846-simplified,fluid,0.9555683
5846-simplified,love,0.93038446
5846-simplified,liquid,0.9214262
5846-simplified,close-up,0.9068808
5846-simplified,glass,0.8779159
5911-simplified,nature,0.9787658
5911-simplified,natural landscape,0.9501026
5911-simplified,forest,0.9457548
5911-simplified,jungle,0.92224693
5911-simplified,trunk,0.881275
5911-simplified,woody plant,0.8498953
5911-simplified,painting,0.8432267
5911-simplified,old-growth forest,0.8279203
5911-simplified,rainforest,0.787548
5911-simplified,woodland,0.7710367
5930-simplified,eyelash,0.8959381
5930-simplified,blond,0.7774652
5930-simplified,winter,0.7670367
5930-simplified,portrait photography,0.6700092
5930-simplified,fur,0.6451101
5930-simplified,headpiece,0.60264784
5930-simplified,no expression,0.53950125
6016-simplified,volcano,0.9743429
6016-simplified,types of volcanic eruptions,0.9692021
6016-simplified,volcanic landform,0.960135
6016-simplified,lava dome,0.93907905
6016-simplified,fissure vent,0.9377109
6016-simplified,geological phenomenon,0.92773026
6016-simplified,lava,0.92162156
6016-simplified,volcanic field,0.9098379
6016-simplified,orange,0.90472955
6016-simplified,heat,0.9046493
6062-simplified,fictional character,0.94294983
6062-simplified,cg artwork,0.9072854
6062-simplified,armour,0.8949755
6062-simplified,action-adventure game,0.79036033
6062-simplified,mythology,0.7855886
6062-simplified,video game software,0.73269045
6062-simplified,animation,0.71829766
6062-simplified,fiction,0.66229486
6062-simplified,anime,0.6320263
6062-simplified,supernatural creature,0.62156296
6106-simplified,superhero,0.9885637
6106-simplified,batman,0.98322386
6106-simplified,fictional character,0.9517423
6106-simplified,justice league,0.90979826
6106-simplified,cartoon,0.87414277
6106-simplified,hero,0.8704649
6106-simplified,cape,0.85438764
6106-simplified,film,0.8435109
6106-simplified,animation,0.8098701
6106-simplified,costume,0.7455657
6110-simplified,superhero,0.98509073
6110-simplified,batman,0.981364
6110-simplified,fictional character,0.95525795
6110-simplified,cape,0.89341414
6110-simplified,cartoon,0.8887262
6110-simplified,justice league,0.87168616
6110-simplified,animation,0.87066305
6110-simplified,hero,0.8495883
6110-simplified,film,0.84889305
6110-simplified,cloak,0.8339222
6157-simplified,technology,0.85165113
6157-simplified,animation,0.77237874
6157-simplified,fictional character,0.72076076
6157-simplified,robot,0.6887842
6157-simplified,graphics,0.5734253
6157-simplified,armour,0.5576772
6157-simplified,digital compositing,0.5427433
6157-simplified,science,0.5381073
6157-simplified,film,0.5237368
6188-simplified,eyewear,0.994216
6188-simplified,glasses,0.984072
6188-simplified,vision care,0.9830572
6274-simplified,automotive lighting,0.9598626
6274-simplified,automotive exterior,0.94491726
6274-simplified,car,0.92458236
6274-simplified,bumper,0.87066656
6274-simplified,fender,0.811048
6274-simplified,headlamp,0.810901
6274-simplified,personal luxury car,0.79079664
6361-simplified,eyewear,0.99594307
6361-simplified,sunglasses,0.9911741
6361-simplified,glasses,0.98779386
6361-simplified,vision care,0.9862147
6361-simplified,goggles,0.9712914
6361-simplified,collar,0.96311593
6361-simplified,black hair,0.9396015
6361-simplified,personal protective equipment,0.91972363
6361-simplified,facial hair,0.8889794
6361-simplified,moustache,0.83301806
6382-simplified,standing,0.9603753
6382-simplified,city,0.9504842
6382-simplified,road,0.9410005
6382-simplified,street,0.9350238
6382-simplified,pedestrian,0.93271923
6382-simplified,walking,0.8193927
6382-simplified,evening,0.80465347
6382-simplified,shadow,0.7592502
6382-simplified,backlighting,0.7371721
6394-simplified,produce,0.9562929
6394-simplified,ingredient,0.9423016
6394-simplified,vegetable,0.87897485
6394-simplified,food,0.8540156
6394-simplified,natural foods,0.84037805
6410-simplified,sky,0.9886698
6410-simplified,cloud,0.9133423
6410-simplified,wind,0.8910545
6410-simplified,atmospheric phenomenon,0.8843463
6410-simplified,dusk,0.87206376
6410-simplified,sunlight,0.86837834
6410-simplified,morning,0.85423476
6410-simplified,machine,0.84849757
6421-simplified,blue,0.98948985
6460-simplified,orange,0.9240797
6460-simplified,heat,0.8992217
6460-simplified,geological phenomenon,0.8044104
6460-simplified,dusk,0.79232436
6460-simplified,sunset,0.78490746
6460-simplified,fire,0.7674706
6460-simplified,flame,0.7464759
6460-simplified,afterglow,0.680711
6481-simplified,video game software,0.6928656
6481-simplified,graphic design,0.65782803
6481-simplified,digital compositing,0.6510456
6481-simplified,graphics,0.64918417
6481-simplified,fractal art,0.6205341
6481-simplified,cg artwork,0.6020052
6481-simplified,pc game,0.58287543
6481-simplified,animation,0.57246476
6481-simplified,fictional character,0.55695957
6495-simplified,boat,0.9856846
6495-simplified,watercraft,0.9747819
6495-simplified,sea,0.9339692
6495-simplified,ocean,0.9080888
6495-simplified,ship,0.8811997
6496-simplified,carnivores,0.9648406
6496-simplified,toy,0.92502207
6496-simplified,cat,0.92340946
6496-simplified,dog,0.917902
6496-simplified,felinae,0.86005574
6496-simplified,snout,0.8422019
6496-simplified,felidae,0.8363389
6496-simplified,whiskers,0.7562362
6496-simplified,pet supply,0.6671668
6496-simplified,tail,0.66616464
6504-simplified,sky,0.9886544
6504-simplified,cloud,0.969985
6504-simplified,castle,0.9491677
6504-simplified,turret,0.87162876
6504-simplified,spire,0.86903465
6504-simplified,dusk,0.86783063
6504-simplified,morning,0.83628505
6504-simplified,château,0.8262223
6504-simplified,medieval architecture,0.82618165
6504-simplified,steeple,0.81548977
6536-simplified,tradition,0.85822284
6536-simplified,holy places,0.82825387
6536-simplified,temple,0.80499697
6536-simplified,shrine,0.71402735
6551-simplified,dusk,0.9546339
6551-simplified,dome,0.9271856
6551-simplified,evening,0.90649617
6551-simplified,tower,0.9052176
6551-simplified,sunset,0.9005654
6551-simplified,afterglow,0.873731
6551-simplified,finial,0.872084
6551-simplified,spire,0.8610875
6551-simplified,sunrise,0.81548613
6559-simplified,cat,0.9935581
6559-simplified,blue,0.98929626
6559-simplified,felidae,0.97812355
6559-simplified,felinae,0.96659553
6559-simplified,whiskers,0.9436767
6559-simplified,carnivores,0.9020868
6559-simplified,snout,0.86498535
6559-simplified,purple,0.8321862
6559-simplified,fur,0.8070176
6559-simplified,kitten,0.57809144
6572-simplified,event,0.9370928
6572-simplified,mask,0.9069262
6572-simplified,tradition,0.90678245
6572-simplified,masque,0.90248704
6572-simplified,hat,0.8821485
6572-simplified,costume,0.86994475
6572-simplified,costume hat,0.8519922
6722-simplified,superhero,0.98670006
6722-simplified,batman,0.981689
6722-simplified,fictional character,0.9467549
6722-simplified,justice league,0.88085246
6722-simplified,cape,0.87980217
6722-simplified,cartoon,0.85743374
6722-simplified,film,0.81638676
6722-simplified,hero,0.81095755
6722-simplified,animation,0.772305
6763-simplified,tiger,0.9903117
6763-simplified,bengal tiger,0.9804266
6763-simplified,carnivores,0.97463846
6763-simplified,siberian tiger,0.9744472
6763-simplified,felidae,0.9720371
6763-simplified,wildlife,0.967548
6763-simplified,vertebrate,0.962476
6763-simplified,facial expression,0.9448566
6763-simplified,terrestrial animal,0.9439085
6763-simplified,whiskers,0.93206483
6773-simplified,city,0.9507554
6773-simplified,night,0.9169211
6773-simplified,metropolis,0.9127151
6773-simplified,tower,0.89940256
6773-simplified,metropolitan area,0.88936716
6773-simplified,astronomical object,0.8886328
6773-simplified,cityscape,0.8719564
6773-simplified,skyscraper,0.861673
6773-simplified,moon,0.8508291
6773-simplified,midnight,0.8153691
6774-simplified,bird,0.94900036
6774-simplified,facial expression,0.9448914
6774-simplified,beak,0.80851287
6774-simplified,animation,0.69153136
6774-simplified,feather,0.6097028
6774-simplified,film,0.55768013
6774-simplified,animated cartoon,0.5533898
6782-simplified,forest,0.889976
6782-simplified,horn,0.83611757
6782-simplified,jungle,0.8249063
6782-simplified,snout,0.8126352
6782-simplified,wildlife,0.8081359
6782-simplified,fictional character,0.7791988
6782-simplified,natural material,0.70969355
6782-simplified,animation,0.7084892
6782-simplified,old-growth forest,0.64391696
6823-simplified,volcano,0.97536784
6823-simplified,types of volcanic eruptions,0.9714166
6823-simplified,volcanic landform,0.9711492
6823-simplified,lava dome,0.9426274
6823-simplified,geological phenomenon,0.9358828
6823-simplified,fissure vent,0.91870123
6823-simplified,volcanic field,0.9182507
6823-simplified,stratovolcano,0.91585064
6823-simplified,lava,0.9110306
6823-simplified,orange,0.9004894
6851-simplified,furniture,0.97219
6851-simplified,interior design,0.93405855
6851-simplified,lighting,0.9318384
6851-simplified,room,0.9269426
6851-simplified,home,0.92227656
6857-simplified,house,0.9266235
6857-simplified,cottage,0.91959745
6857-simplified,astronomical object,0.81515807
6857-simplified,evening,0.7653941
6857-simplified,log cabin,0.6760668
6857-simplified,garden buildings,0.67012066
6904-simplified,facial expression,0.94493085
6904-simplified,tooth,0.9304843
6904-simplified,fictional character,0.90491205
6904-simplified,demon,0.78263056
6904-simplified,supernatural creature,0.77680254
6904-simplified,graphics,0.6810052
6904-simplified,animation,0.66988266
6904-simplified,tongue,0.6676097
6943-simplified,yellow,0.96119946
6943-simplified,art,0.91602653
6943-simplified,graphics,0.7284847
6943-simplified,graphic design,0.7077238
6943-simplified,silver,0.6926184
6943-simplified,design,0.68239254
6943-simplified,fractal art,0.6516826
7006-simplified,armour,0.9652042
7006-simplified,fictional character,0.90839416
7006-simplified,cuirass,0.90055126
7006-simplified,cg artwork,0.8797276
7006-simplified,breastplate,0.860947
7006-simplified,cartoon,0.8449961
7006-simplified,mythology,0.79097116
7006-simplified,knight,0.75882584
7006-simplified,costume,0.70986646
7006-simplified,animation,0.69425404
7083-simplified,dog,0.9834813
7083-simplified,vertebrate,0.9611467
7083-simplified,snout,0.92751265
7083-simplified,working animal,0.9145273
7083-simplified,black,0.9096744
7083-simplified,terrestrial animal,0.8066814
7083-simplified,carnivores,0.80566037
7083-simplified,canidae,0.66818964
7083-simplified,whiskers,0.56018114
7087-simplified,armour,0.9555859
7087-simplified,fictional character,0.945162
7087-simplified,breastplate,0.7809786
7087-simplified,cg artwork,0.7484772
7087-simplified,animation,0.7475783
7087-simplified,cuirass,0.74725384
7087-simplified,mask,0.7308899
7087-simplified,costume,0.72877604
7087-simplified,action,0.6482888
7087-simplified,hero,0.64827466
7109-simplified,yellow,0.9585484
7109-simplified,orange,0.89708453
7109-simplified,facial hair,0.83365536
7109-simplified,beard,0.73618275
7109-simplified,performing arts,0.72662777
7109-simplified,concert,0.6669432
7109-simplified,performance,0.66506773
7109-simplified,goggles,0.6620486
7109-simplified,sunglasses,0.65286374
7109-simplified,portrait photography,0.5652593
7155-simplified,ecoregion,0.9471332
7155-simplified,grassland,0.9440926
7155-simplified,horizon,0.9249592
7155-simplified,plain,0.90718955
7155-simplified,steppe,0.89085877
7155-simplified,prairie,0.84882367
7155-simplified,field,0.78881556
7182-simplified,collar,0.9699861
7182-simplified,neck,0.95564675
7182-simplified,standing,0.9493368
7182-simplified,fashion,0.9408029
7182-simplified,dress shirt,0.90895075
7199-simplified,toy,0.8889234
7199-simplified,terrestrial animal,0.8646509
7199-simplified,snout,0.834377
7199-simplified,animation,0.7498006
7199-simplified,wildlife,0.7322382
7199-simplified,fictional character,0.72371966
7199-simplified,horn,0.6861607
7199-simplified,lawn ornament,0.61586934
7247-simplified,spacecraft,0.86649054
7247-simplified,aerospace engineering,0.8660082
7247-simplified,aircraft,0.75825167
7247-simplified,toy,0.64335656
7247-simplified,aerospace manufacturer,0.54709417
735-simplified,flower,0.9821933
735-simplified,petal,0.9788995
735-simplified,lotus,0.97332746
735-simplified,yellow,0.96254873
735-simplified,aquatic plant,0.9520211
735-simplified,pink,0.9013511
735-simplified,nelumbonaceae,0.8855178
735-simplified,reflection,0.828542
735-simplified,purple,0.8006824
7412-simplified,fictional character,0.8687585
7412-simplified,animation,0.8151868
7412-simplified,graphics,0.67301565
7412-simplified,fiction,0.58840483
7412-simplified,film,0.5875342
7412-simplified,moustache,0.5621519
7412-simplified,animated cartoon,0.50812954
7417-simplified,fruit,0.9728985
7417-simplified,produce,0.962778
7417-simplified,natural foods,0.9184772
7417-simplified,food,0.8105179
7417-simplified,vegetable,0.72185713
7451-simplified,produce,0.8751356
7451-simplified,fruit,0.84424216
7451-simplified,painting,0.83148694
7451-simplified,agriculture,0.8007451
7451-simplified,natural foods,0.74528664
7451-simplified,plantation,0.66909
7526-simplified,astronomical object,0.749657
7526-simplified,outer space,0.7402095
7526-simplified,universe,0.69265956
7526-simplified,video game software,0.67328566
7526-simplified,dome,0.6617591
7526-simplified,science,0.59413624
7526-simplified,digital compositing,0.5714576
7526-simplified,cg artwork,0.54167813
7526-simplified,aerospace engineering,0.50900126
7534-simplified,rodent,0.9510787
7534-simplified,snout,0.91467947
7534-simplified,pest,0.8579974
7534-simplified,animation,0.80047965
7534-simplified,whiskers,0.75093085
7534-simplified,animated cartoon,0.684416
7534-simplified,toy,0.61153084
756-simplified,superhero,0.98907703
756-simplified,batman,0.98132163
756-simplified,fictional character,0.9490329
756-simplified,hero,0.9146809
756-simplified,justice league,0.8904486
756-simplified,action,0.8464711
756-simplified,film,0.84120923
756-simplified,armour,0.8327768
756-simplified,costume,0.79293084
756-simplified,animation,0.76994723
7582-simplified,long hair,0.8829128
7582-simplified,red hair,0.84259313
7582-simplified,model,0.72527736
7582-simplified,photo shoot,0.7159884
7582-simplified,portrait photography,0.6325582
7594-simplified,pink,0.88755745
7594-simplified,lantern,0.722753
7594-simplified,design,0.6835756
7602-simplified,pink,0.9508957
7602-simplified,beauty,0.9475148
7602-simplified,eyelash,0.88801455
7602-simplified,long hair,0.7742484
763-simplified,cloud,0.9029272
763-simplified,people in nature,0.83332604
763-simplified,animation,0.6291368
763-simplified,cg artwork,0.5274083
7669-simplified,astronomical object,0.95615816
7669-simplified,atmospheric phenomenon,0.9228785
7669-simplified,moonlight,0.8504626
7669-simplified,moon,0.8476027
7669-simplified,darkness,0.8456313
7669-simplified,night,0.7814109
7669-simplified,celestial event,0.72645205
7669-simplified,midnight,0.7198742
7669-simplified,meteorological phenomenon,0.7123495
7669-simplified,cg artwork,0.70290285
7721-simplified,robot,0.8720314
7721-simplified,armour,0.85981476
7721-simplified,machine,0.84592235
7721-simplified,technology,0.8443169
7721-simplified,toy,0.74585104
7721-simplified,silver,0.7028551
7721-simplified,mecha,0.6826544
7721-simplified,fictional character,0.678235
7721-simplified,action figure,0.61443526
7721-simplified,animation,0.5136162
7731-simplified,still life photography,0.59299433
7731-simplified,rose family,0.5735951
7731-simplified,floristry,0.56462854
7731-simplified,floral design,0.5486986
7775-simplified,wood,0.96971935
7775-simplified,tree house,0.9335419
7775-simplified,trunk,0.8755579
7775-simplified,woody plant,0.803474
7775-simplified,natural material,0.74612314
7775-simplified,giant sequoia,0.53591096
7775-simplified,log cabin,0.53406876
7784-simplified,tiger,0.9792569
7784-simplified,bengal tiger,0.9677018
7784-simplified,siberian tiger,0.9413259
7784-simplified,felidae,0.90598917
7784-simplified,terrestrial animal,0.8883206
7784-simplified,wildlife,0.848855
7784-simplified,carnivores,0.8371134
7784-simplified,child,0.82331675
7784-simplified,happiness,0.7911311
7831-simplified,steeple,0.9262064
7831-simplified,winter,0.92389125
7831-simplified,castle,0.9168204
7831-simplified,spire,0.9063062
7831-simplified,turret,0.88466
7831-simplified,finial,0.853799
7831-simplified,morning,0.84159935
7831-simplified,tourist attraction,0.83432674
7831-simplified,freezing,0.82823306
7831-simplified,evening,0.82702386
7927-simplified,moon,0.97420627
7927-simplified,astronomical object,0.9638566
7927-simplified,atmospheric phenomenon,0.9438517
7927-simplified,moonlight,0.9387829
7927-simplified,cloud,0.90648395
7927-simplified,astronomy,0.87150115
7927-simplified,celestial event,0.84761506
7927-simplified,night,0.8442158
7927-simplified,star,0.82789797
7950-simplified,blue,0.9881004
7950-simplified,crystal,0.788711
7950-simplified,natural material,0.7655125
7950-simplified,mineral,0.6865416
7950-simplified,gemstone,0.5873842
7959-simplified,lighting,0.9201178
7959-simplified,alley,0.8375653
7959-simplified,evening,0.79624623
7959-simplified,night,0.69992846
7959-simplified,lens flare,0.5178656
7959-simplified,heat,0.51170814
7962-simplified,high-rise building,0.95056415
7962-simplified,city,0.94933957
7962-simplified,skyscraper,0.9428503
7962-simplified,tower,0.9395098
7962-simplified,metropolis,0.8865303
7962-simplified,cityscape,0.86394274
7962-simplified,dusk,0.70821905
7962-simplified,evening,0.7055402
7964-simplified,armour,0.967257
7964-simplified,cuirass,0.9471538
7964-simplified,knight,0.8721556
7964-simplified,breastplate,0.87124497
7964-simplified,vikings,0.8057014
7964-simplified,action,0.6302109
7964-simplified,conquistador,0.5423271
7964-simplified,hero,0.54057133
7964-simplified,film,0.52894646
7979-simplified,blue,0.9878103
7979-simplified,cloud,0.9491437
7979-simplified,dusk,0.8156359
7979-simplified,castle,0.8054178
7979-simplified,meteorological phenomenon,0.7565261
7979-simplified,astronomical object,0.7356988
7979-simplified,cumulus,0.7218915
7979-simplified,turret,0.7100311
7979-simplified,animation,0.7066216
7979-simplified,evening,0.69510967
8061-simplified,software,0.88029987
8061-simplified,technology,0.86421525
8061-simplified,screenshot,0.77467716
8061-simplified,software engineering,0.6715394
8061-simplified,personal computer,0.6469398
8061-simplified,computer,0.60128415
8081-simplified,night,0.67654467
8081-simplified,party,0.5779457
8081-simplified,visual effect lighting,0.5693228
8123-simplified,dragon ball,0.9463784
8123-simplified,fictional character,0.8747295
8123-simplified,toy,0.84732777
8123-simplified,animation,0.8163338
8123-simplified,film,0.8137305
8123-simplified,action figure,0.67753005
8123-simplified,hero,0.67223704
8123-simplified,anime,0.6354055
8123-simplified,animated cartoon,0.6151165
8124-simplified,active shirt,0.8809035
8130-simplified,mask,0.78986084
8130-simplified,costume,0.69172925
8130-simplified,winter,0.6402177
8130-simplified,hood,0.6364772
8130-simplified,cosplay,0.61861354
8130-simplified,goth subculture,0.59356236
8185-simplified,spacecraft,0.9124971
8185-simplified,aerospace engineering,0.8872545
8185-simplified,outer space,0.75081074
8185-simplified,aircraft,0.7327484
8185-simplified,astronomical object,0.7048045
8185-simplified,science,0.58603764
8185-simplified,universe,0.5837082
8185-simplified,digital compositing,0.5668802
8185-simplified,aerospace manufacturer,0.53389335
8185-simplified,video game software,0.53289497
8194-simplified,motor vehicle,0.97376466
8194-simplified,car,0.9635137
8194-simplified,automotive exterior,0.94625044
8194-simplified,car door,0.9201305
8194-simplified,classic car,0.8684544
8194-simplified,vintage car,0.7220559
8194-simplified,personal luxury car,0.699697
8194-simplified,antique car,0.6572787
8201-simplified,blue,0.98825246
8201-simplified,spire,0.9315395
8201-simplified,tower,0.8791574
8201-simplified,castle,0.78656524
8201-simplified,turret,0.7407533
8201-simplified,skyscraper,0.7281256
8201-simplified,steeple,0.70708114
8201-simplified,gothic architecture,0.6720105
8201-simplified,animation,0.61895376
8201-simplified,graphics,0.5997874
8225-simplified,blue,0.98952824
8225-simplified,cheek,0.9868
8225-simplified,eyebrow,0.9859298
8225-simplified,lips,0.98479617
8225-simplified,skin,0.9817068
8225-simplified,eyelash,0.9802232
8225-simplified,beauty,0.9736432
8225-simplified,black hair,0.97149193
8225-simplified,hairstyle,0.9701936
8225-simplified,eye,0.96383876
8259-simplified,formal wear,0.97198683
8259-simplified,collar,0.96591663
8259-simplified,hat,0.92084324
8259-simplified,black,0.90716577
8259-simplified,necktie,0.8940079
8270-simplified,fictional character,0.9226912
8270-simplified,wing,0.9204518
8270-simplified,cg artwork,0.86264795
8270-simplified,mythical creature,0.843216
8270-simplified,supernatural creature,0.755521
8270-simplified,mythology,0.73015666
8270-simplified,dragon,0.6562074
8270-simplified,cryptid,0.6250825
8270-simplified,animation,0.6154831
8270-simplified,armour,0.5345937
8279-simplified,string instrument,0.9860026
8279-simplified,chordophone,0.9853901
8279-simplified,plucked string instrument,0.9822256
8279-simplified,guitar,0.9816265
8279-simplified,musical instrument,0.9740518
8279-simplified,cat,0.9377858
8279-simplified,music,0.9282734
8279-simplified,guitarist,0.9060877
8279-simplified,folk instrument,0.8385144
8326-simplified,fictional character,0.9343714
8326-simplified,animation,0.81837225
8326-simplified,supernatural creature,0.74209446
8326-simplified,fiction,0.71552825
8326-simplified,cg artwork,0.71496564
8326-simplified,mask,0.58123904
8326-simplified,demon,0.5508346
8326-simplified,animated cartoon,0.5300588
8326-simplified,cryptid,0.5300222
8326-simplified,armour,0.5242827
8342-simplified,animation,0.7018037
8342-simplified,graphics,0.65692335
8342-simplified,graphic design,0.59317124
8342-simplified,hero,0.5473788
8342-simplified,fictional character,0.51176935
8360-simplified,night,0.6656238
8368-simplified,car,0.922322
8368-simplified,automotive lighting,0.9154455
8368-simplified,bumper,0.7361307
8368-simplified,sedan,0.71185625
8368-simplified,personal luxury car,0.7006873
8368-simplified,rolling,0.68157405
8368-simplified,full-size car,0.6294596
8421-simplified,beauty,0.95691663
8421-simplified,fashion,0.95187134
8421-simplified,eyelash,0.9279498
8421-simplified,fictional character,0.9144917
8421-simplified,black,0.90701216
8421-simplified,cg artwork,0.8980004
8421-simplified,purple,0.8765555
8421-simplified,long hair,0.8635256
8421-simplified,costume,0.7585103
8421-simplified,headpiece,0.750803
8437-simplified,beak,0.9619968
8437-simplified,bird,0.91289395
8437-simplified,bird of prey,0.8638752
8437-simplified,feather,0.7338684
8437-simplified,fictional character,0.68123585
8441-simplified,atmospheric phenomenon,0.94768184
8441-simplified,horizon,0.93593675
8441-simplified,darkness,0.8566129
8441-simplified,moonlight,0.8302657
8441-simplified,astronomical object,0.79905075
8441-simplified,night,0.7840692
8441-simplified,evening,0.7750759
8441-simplified,walking,0.73994684
8441-simplified,mist,0.7285649
8441-simplified,dusk,0.72567934
8450-simplified,graphics,0.6437726
8450-simplified,graphic design,0.5703093
8467-simplified,technology,0.88017577
8467-simplified,electronics,0.7653277
8467-simplified,display device,0.64943135
8467-simplified,night,0.6298682
8467-simplified,neon,0.6022705
8493-simplified,reflection,0.8485343
8493-simplified,glass,0.73549956
8493-simplified,precipitation,0.7080512
8493-simplified,aquatic plant,0.5843174
8493-simplified,lens flare,0.5544524
8493-simplified,pond,0.52749217
8493-simplified,night,0.5082861
8524-simplified,facial expression,0.94494617
8524-simplified,fictional character,0.9420738
8524-simplified,smile,0.9349343
8524-simplified,happiness,0.9117236
8524-simplified,costume,0.7957246
8524-simplified,pleased,0.7603366
8524-simplified,costume hat,0.7335779
8524-simplified,costume design,0.6407478
8524-simplified,animation,0.63372916
8543-simplified,yoda,0.9556974
8543-simplified,fictional character,0.903387
8543-simplified,animation,0.8721144
8543-simplified,cartoon,0.8431788
8543-simplified,animated cartoon,0.8327994
8543-simplified,snout,0.7096244
8543-simplified,toy,0.6005473
8543-simplified,fiction,0.5079677
8549-simplified,facial expression,0.9448719
8549-simplified,portrait photography,0.8463301
8549-simplified,hood,0.8090567
8549-simplified,film,0.7888148
8549-simplified,portrait,0.65423197
8549-simplified,no expression,0.6355232
8549-simplified,fictional character,0.59557956
8549-simplified,model,0.507829
8596-simplified,flower,0.99086416
8596-simplified,petal,0.9764139
8596-simplified,pink,0.94498223
8596-simplified,watercolor painting,0.7041542
8596-simplified,paint,0.6123455
8596-simplified,rose family,0.5970161
8596-simplified,floral design,0.5968412
8596-simplified,blossom,0.5950215
8644-simplified,dog,0.99550444
8644-simplified,vertebrate,0.96031785
8644-simplified,carnivores,0.95124835
8644-simplified,snout,0.91920847
8644-simplified,black,0.90739244
8644-simplified,terrestrial animal,0.82757634
8644-simplified,canidae,0.7665969
8644-simplified,working animal,0.52026767
8682-simplified,night,0.813649
8682-simplified,astronomical object,0.79670566
8682-simplified,unidentified flying object,0.7668008
8682-simplified,moonlight,0.66395855
8682-simplified,star,0.6505234
8682-simplified,dusk,0.6345906
8682-simplified,evening,0.6325804
8682-simplified,astronomy,0.5731075
8682-simplified,science,0.53261214
8682-simplified,universe,0.5275727
8743-simplified,fictional character,0.8706893
8743-simplified,animation,0.7986027
8743-simplified,toy,0.7716321
8743-simplified,animated cartoon,0.64798737
877-simplified,jewellery,0.961665
877-simplified,earring,0.9597257
877-simplified,body jewelry,0.93910044
877-simplified,gemstone,0.90643066
877-simplified,crystal,0.8782837
877-simplified,natural material,0.86269844
877-simplified,silver,0.8412915
877-simplified,diamond,0.8040665
8861-simplified,neon,0.8815087
8861-simplified,neon sign,0.8093471
8861-simplified,night,0.73320943
8861-simplified,electronic signage,0.714194
8861-simplified,visual effect lighting,0.6238284
8872-simplified,visual arts,0.866366
8872-simplified,tradition,0.79839265
8872-simplified,umbrella,0.72927994
8872-simplified,watercolor painting,0.64442253
8872-simplified,paint,0.5915355
8872-simplified,modern art,0.5468952
895-simplified,dusk,0.9639648
895-simplified,afterglow,0.96386194
895-simplified,sunset,0.96356255
895-simplified,horizon,0.9593736
895-simplified,sunrise,0.95330274
895-simplified,cloud,0.915817
895-simplified,rock,0.91309065
895-simplified,atmospheric phenomenon,0.9005993
895-simplified,evening,0.8864942
895-simplified,terrain,0.8859034
8977-simplified,green,0.98627347
8977-simplified,amphibians,0.98337555
8977-simplified,yellow,0.9762482
8977-simplified,reptile,0.9210083
8977-simplified,black,0.9091489
8980-simplified,city,0.9765599
8980-simplified,metropolitan area,0.944448
8980-simplified,road,0.93516976
8980-simplified,high-rise building,0.9304103
8980-simplified,street,0.9065286
8980-simplified,skyscraper,0.89236206
8980-simplified,metropolis,0.8877065
8980-simplified,pedestrian,0.86797
8980-simplified,evening,0.8464138
9043-simplified,yellow,0.96075875
9043-simplified,food,0.95892316
9043-simplified,produce,0.89046925
9043-simplified,vegetable,0.8106808
9043-simplified,natural foods,0.7026262
9082-simplified,garden,0.9301901
9082-simplified,house,0.9176275
9082-simplified,home,0.91648895
9082-simplified,spring,0.86131555
9082-simplified,landscaping,0.8245393
9082-simplified,cottage,0.8174914
9099-simplified,toy,0.79068315
9099-simplified,animation,0.69684666
9099-simplified,fictional character,0.6293929
9099-simplified,happiness,0.6152619
9099-simplified,action figure,0.5430277
9099-simplified,figurine,0.5403142
9099-simplified,animated cartoon,0.52756363
9152-simplified,armour,0.9442616
9152-simplified,fictional character,0.90863764
9152-simplified,technology,0.8875704
9152-simplified,robot,0.866017
9152-simplified,animation,0.8487479
9152-simplified,toy,0.8465332
9152-simplified,machine,0.84052783
9152-simplified,mecha,0.7909386
9152-simplified,action figure,0.7467024
9152-simplified,graphics,0.628524
917-simplified,art,0.9222373
917-simplified,painting,0.8347248
917-simplified,mythology,0.7035079
917-simplified,modern art,0.6585903
917-simplified,watercolor painting,0.6180385
9234-simplified,astronomical object,0.94354826
9234-simplified,outer space,0.93941206
9234-simplified,universe,0.8714826
9234-simplified,star,0.817107
9234-simplified,astronomy,0.7638559
9234-simplified,planet,0.7333109
9234-simplified,dome,0.69064814
9234-simplified,galaxy,0.67745006
9234-simplified,night,0.6687811
9234-simplified,science,0.6391593
9295-simplified,motorcycle,0.98455006
9295-simplified,red,0.9753645
9295-simplified,fuel tank,0.9750447
9295-simplified,automotive lighting,0.9525357
9295-simplified,automotive tire,0.93044
9295-simplified,fender,0.87503564
9295-simplified,automotive wheel system,0.86909693
9295-simplified,spoke,0.83987564
9295-simplified,carbon fibers,0.7829846
9366-simplified,gadget,0.959427
9366-simplified,mobile phone,0.9316108
9366-simplified,electronic device,0.92729324
9366-simplified,portable communications device,0.89269674
9366-simplified,smartphone,0.8907618
9366-simplified,telephony,0.88273644
9366-simplified,display device,0.8737452
9366-simplified,technology,0.86663866
9366-simplified,rabbit,0.860144
9393-simplified,tower,0.8738859
9393-simplified,animation,0.59273756
940-simplified,animation,0.7338894
940-simplified,toy,0.69971764
940-simplified,animated cartoon,0.6633368
940-simplified,fedora,0.65025693
940-simplified,fictional character,0.6137469
940-simplified,sun hat,0.5660463
9426-simplified,hairstyle,0.9702948
9426-simplified,facial expression,0.9449171
9426-simplified,anime,0.8774711
9426-simplified,cg artwork,0.828865
9426-simplified,animation,0.74208933
9426-simplified,animated cartoon,0.63390446
9462-simplified,sculpture,0.9384082
9462-simplified,statue,0.8847818
9462-simplified,monument,0.81247485
9462-simplified,column,0.7259178
9462-simplified,mythology,0.7091038
9462-simplified,bronze sculpture,0.6799247
9462-simplified,classical sculpture,0.62739915
9462-simplified,middle ages,0.52854174
9484-simplified,musical instrument,0.99192494
9484-simplified,plucked string instrument,0.9885427
9484-simplified,string instrument,0.9871986
9484-simplified,chordophone,0.98544073
9484-simplified,guitar,0.98275787
9484-simplified,guitarist,0.9822677
9484-simplified,music,0.9648367
9484-simplified,entertainment,0.8869544
9484-simplified,performing arts,0.88518536
9486-simplified,facial expression,0.9445964
9486-simplified,fictional character,0.93154734
9486-simplified,pink,0.9175056
9486-simplified,cartoon,0.8676504
9486-simplified,mythical creature,0.85313565
9486-simplified,animation,0.84402174
9486-simplified,animated cartoon,0.794856
9486-simplified,cg artwork,0.79073006
9486-simplified,snout,0.7204296
9512-simplified,food,0.9813024
9512-simplified,candle,0.97105396
9512-simplified,event,0.95531976
9512-simplified,party supply,0.94308764
9512-simplified,dessert,0.9167673
9549-simplified,muscle,0.9162279
9549-simplified,fictional character,0.8703324
9549-simplified,thorax,0.8190079
9549-simplified,superhero,0.81477666
9549-simplified,barechestedness,0.7421222
9549-simplified,animation,0.7174284
9549-simplified,hero,0.6771403
9549-simplified,flesh,0.6342664
9609-simplified,snow,0.9091098
9609-simplified,winter,0.88071036
9609-simplified,film,0.87419426
9609-simplified,freezing,0.8617997
9609-simplified,animation,0.82396895
9609-simplified,precipitation,0.74047166
9609-simplified,digital compositing,0.70141584
9636-simplified,facial hair,0.8316952
9636-simplified,moustache,0.8082869
9636-simplified,collectable,0.5828552
967-simplified,cat,0.98081356
967-simplified,felidae,0.92955315
967-simplified,felinae,0.92781895
967-simplified,carnivores,0.909683
967-simplified,whiskers,0.8200824
967-simplified,costume,0.7005089
967-simplified,fur,0.6873364
967-simplified,tail,0.66260856
967-simplified,domestic short-haired cat,0.5313
9675-simplified,game,0.91139287
9675-simplified,electronic device,0.8764559
9675-simplified,technology,0.8400158
9675-simplified,animation,0.80682534
9675-simplified,video game software,0.76751703
9675-simplified,animated cartoon,0.70909745
9675-simplified,pc game,0.706281
9675-simplified,fictional character,0.6903819
9675-simplified,display device,0.6198277
9690-simplified,heart,0.9838072
9690-simplified,red,0.97759134
9690-simplified,close-up,0.8948932
9690-simplified,food,0.84534657
9690-simplified,dessert,0.84149057
9690-simplified,love,0.82749057
9723-simplified,graphics,0.70069885
9723-simplified,symbol,0.65146077
9723-simplified,graphic design,0.6049722
9723-simplified,fractal art,0.5805408
9723-simplified,animation,0.5287107
9732-simplified,blue,0.98847055
9732-simplified,cloud,0.9879533
9732-simplified,daytime,0.9812103
9732-simplified,cumulus,0.94283223
9732-simplified,sunlight,0.8622915
9732-simplified,meteorological phenomenon,0.8313893
9732-simplified,sunrise,0.6886851
9732-simplified,evening,0.6837935
9732-simplified,dusk,0.6373381
9732-simplified,backlighting,0.63575184
9749-simplified,fictional character,0.85465306
9749-simplified,wrinkle,0.5827608
9753-simplified,black,0.90798795
9753-simplified,carbon fibers,0.7410437
9959-simplified,blue,0.98868036
9959-simplified,flame,0.9633538
9959-simplified,fire,0.9316378
9959-simplified,sea,0.90295666
9959-simplified,heat,0.8803273
9959-simplified,ocean,0.84376913
9959-simplified,boat,0.62119514
9959-simplified,wave,0.55391884
